,CSIAI_Port,MTUM,QUAL,SPY
2023-01-04,1.0171948157804682,0.999094709140666,1.0080958967456664,1.0077202000427115
2023-01-05,1.0042187637875417,0.9983983231956843,0.9963922595086626,0.9962187028298614
2023-01-06,1.0219449742522748,1.0151113684924,1.0219994362582434,1.019064091553128
2023-01-09,1.0298573218678995,1.0015322229852361,1.0212073721984345,1.0184863968179354
2023-01-10,1.0503693745029452,1.0066851746421173,1.028599143084963,1.0256290674172237
2023-01-11,1.0668039374138827,1.0112814088321345,1.0433826848580203,1.0386008349217875
2023-01-12,1.1029951700351501,1.0140666265377933,1.0483106010327914,1.0423823800295808
2023-01-13,1.1090773764919126,1.0165041403823631,1.0505984415090361,1.0464259952382748
2023-01-17,1.1100174268015668,1.0132312242632295,1.048398539233463,1.0445092718765312
2023-01-18,1.095315997407184,0.996100151754964,1.0337910116959186,1.0280184425944991
2023-01-19,1.0797061951709401,0.9949860646727006,1.024903326558784,1.020534692428381
2023-01-20,1.103674792255135,1.0007661658383291,1.0454946489329222,1.0395463864905057
2023-01-23,1.1247699240529805,1.002855106290429,1.0593981195284141,1.052019386079921
2023-01-24,1.1235048183315515,1.0059891147714033,1.0586941315034468,1.0508901127091523
2023-01-25,1.126915185891825,1.0090527999019165,1.0574621696890254,1.0512840856422945
2023-01-26,1.1377760568329343,1.018593298217308,1.0688139162891732,1.0628380629920327
2023-01-27,1.160036576057785,1.006615720823037,1.0713657092016025,1.065280000952081
2023-01-30,1.13787459367416,0.9983983231956839,1.0569341958995713,1.0519142605143752
2023-01-31,1.1622206206931869,1.0106545853976547,1.0745338276066683,1.0673809419911844
2023-02-01,1.1850964805992636,1.0028551062904287,1.0874693577410084,1.0787248335016009
2023-02-02,1.211806889237015,0.9837046558405659,1.1105245348269046,1.0944277169173486
2023-02-03,1.197485088277451,0.9827992562898094,1.0977649500109925,1.0827950606852208
2023-02-06,1.180730560065762,0.9842618080731205,1.088085200814049,1.0761776046842368
2023-02-07,1.1954061803435556,0.9957520131281846,1.1013728283365005,1.0902526947517222
2023-02-08,1.179507060601417,0.9905989527798809,1.0860612438569037,1.0783307779225737
2023-02-09,1.1552150727103652,0.9885792487640154,1.075149670679709,1.0689828671774846
2023-02-10,1.152293917862018,1.0077993704158033,1.0768218059170838,1.071477367920306
2023-02-13,1.1648128443810644,1.0128829769450274,1.092485143199366,1.084055493075267
2023-02-14,1.1733558295303677,1.0095403896239687,1.090989160031675,1.083556477222464
2023-02-15,1.1906110290121115,1.0032731335019787,1.091517064904044,1.0870752084163928
2023-02-16,1.1670561022625539,0.9938021976970893,1.0764696396118871,1.0721074601465017
2023-02-17,1.1650979970580517,0.9915738061497169,1.0721578421784972,1.069429154955745
2023-02-21,1.1214616805186322,0.9838439982444159,1.0491025272584307,1.0479752749959175
2023-02-22,1.129171003563657,0.9805709734338597,1.0467265418302591,1.0465312034497056
2023-02-23,1.134011121003065,0.9846795092104024,1.056934195899572,1.0520979823164256
2023-02-24,1.113245926083754,0.9792478727458214,1.0446145777553575,1.04085929901744
2023-02-27,1.1161032672954339,0.9800139298927281,1.0462865751585617,1.0444043116027553
2023-02-28,1.1173636572668244,0.9698468255257023,1.0449667440605541,1.040544170258457
2023-03-01,1.110040465868127,0.9749998858740061,1.0418867016903302,1.0365526219572267
2023-03-02,1.114449971378135,0.9792478727458214,1.0520065553931417,1.0446142321503074
2023-03-03,1.1348248571737949,0.9889276047736403,1.0683739496174764,1.0613676274085493
2023-03-06,1.1194727959483415,0.990180925568331,1.0694298971963847,1.062102845200291
2023-03-07,1.1041220167154129,0.9767409050821717,1.0544703411878142,1.0458221017575806
2023-03-08,1.1034031901423011,0.9709609126079658,1.0580781505962369,1.0475291525094268
2023-03-09,1.068568579459861,0.9571029736016793,1.0406548087929939,1.0282023296883194
2023-03-10,1.0297334855205738,0.9477018176901376,1.023495281591765,1.0133659057294757
2023-03-13,1.0301493861648432,0.9415739039719976,1.023143322037824,1.0119217515373788
2023-03-14,1.0440501561879305,0.9501393315347078,1.0413586589837909,1.0286487827583495
2023-03-15,1.0245733797663836,0.9339136585771989,1.0363427356912633,1.022215213851186
2023-03-16,1.0400316447940077,0.9427577709476089,1.054558417222656,1.040150032033545
2023-03-17,1.0230043911892375,0.927367717647509,1.046990563183529,1.0279880289088694
2023-03-20,1.0241928067547361,0.9435933906050179,1.0560542625561768,1.0378727246761439
2023-03-21,1.0461574326823602,0.9558496528069889,1.0677579687102658,1.0515005352147504
2023-03-22,1.017474857372789,0.9402508032839594,1.0500704677195827,1.0335760477679992
2023-03-23,1.0216500878109414,0.9340437622101229,1.0571759570343333,1.0363703051352187
2023-03-24,1.0243239696943423,0.9439917446690663,1.0616776210373546,1.0431708217711742
2023-03-27,1.0300672559079216,0.953098890282313,1.0613244209758805,1.0451216778833663
2023-03-28,1.0255349138702654,0.956531474101334,1.058411778205524,1.0427756917956439
2023-03-29,1.0502554996553146,0.9644477964879195,1.0727109707040372,1.057932120620677
2023-03-30,1.0517740826395672,0.9663392446250462,1.0790662975467595,1.0641268429205863
2023-03-31,1.0784243886142457,0.9740452491087848,1.0951309390159616,1.0791251701678768
2023-04-03,1.0856898781485758,0.9935904668057483,1.1000738101982135,1.0832372161692374
2023-04-04,1.0746823049905476,0.9849038483067725,1.0900997161305273,1.077227207421997
2023-04-05,1.0579412808590558,0.9966729555523818,1.0889521777454338,1.074406833955161
2023-04-06,1.067085408200503,0.9952721404971416,1.091511896122657,1.0785980547142204
2023-04-10,1.0801724558144754,0.999545017704746,1.095395718457168,1.0797049310501912
2023-04-11,1.093284195867509,1.003047924874228,1.097425809034893,1.0799950181060605
2023-04-12,1.0848765194983057,1.0047293811827758,1.0918648894328753,1.0755929676947154
2023-04-13,1.1113220353776048,1.0120851819027044,1.1046636880702467,1.0898797965192197
2023-04-14,1.1015899463497214,1.006480834767517,1.103339721947129,1.0872174419842418
2023-04-17,1.12050486896323,1.0052196881903945,1.104840184725356,1.0911186583333168
2023-04-18,1.1153393074803164,1.0064107287999011,1.1066055647789597,1.0918303220478724
2023-04-19,1.1166488579621852,1.0012964712894867,1.103869211912457,1.091645939078743
2023-04-20,1.1019843204992112,0.9984244091371226,1.103780998043445,1.085688658406045
2023-04-21,1.1077416456411933,0.9976537869504641,1.1021039007759386,1.0865321423069572
2023-04-24,1.1007258660140389,1.0041688595161187,1.1037809980434452,1.087665547971969
2023-04-25,1.0760062005864557,0.9961126512685701,1.0848918587558136,1.0704001614570005
2023-04-26,1.0735156602751486,0.9807706395772858,1.0766830069075608,1.0658663735051837
2023-04-27,1.0812986627104662,0.9905083041333825,1.102103900775939,1.087085621797885
2023-04-28,1.0936027908086272,0.9973734717714243,1.1138435816484844,1.0963641926455738
2023-05-01,1.1005564186149868,0.9994051318437823,1.1160503067154892,1.0952570683719485
2023-05-02,1.0761897692884197,0.9824519871944111,1.10069185861798,1.0829471291133679
2023-05-03,1.0786483585652435,0.9756565994497167,1.093542124534553,1.075513875582901
2023-05-04,1.0724012421305198,0.9676702797869383,1.0810963192074001,1.0678960737915348
2023-05-05,1.1013530732066896,0.9844834298839236,1.0992793340404243,1.0876655479719688
2023-05-08,1.1074803838649534,0.9842032233963065,1.0993675479094362,1.0879555523819533
2023-05-09,1.1116588410899928,0.9835028158686864,1.0949543045266825,1.08318440544881
2023-05-10,1.1197051006488492,0.9828722969258366,1.1002504446874937,1.0882453915001682
2023-05-11,1.108568116356066,0.9788089767811204,1.0991028373853151,1.0863476766919429
2023-05-12,1.0945237952438023,0.9807706395772856,1.1000738101982142,1.0849242666169467
2023-05-15,1.1219162066389288,0.9825918730553741,1.1048401847253566,1.088667298742394
2023-05-16,1.123096109395826,0.9681605867945569,1.0957487806844721,1.081392064143785
2023-05-17,1.1492429785638096,0.9769876346116092,1.1095183453834871,1.0945190406201217
2023-05-18,1.1579053976225773,0.976286901009721,1.1212578884218622,1.1050626720274093
2023-05-19,1.1602417232147468,0.9802801151868215,1.1185218112237,1.1034548789832836
2023-05-22,1.1832084834926888,0.9762170124249506,1.1199338533816594,1.1039028196792413
2023-05-23,1.1677386404119696,0.9714531760611917,1.106429068123851,1.0915140362465015
2023-05-24,1.158283233060558,0.9685807878345597,1.0985732785029017,1.083606230045151
2023-05-25,1.146783457534743,0.9589134466289241,1.1168446450391083,1.0929900091042706
2023-05-26,1.1638544440996994,0.9576525174346471,1.132291375922715,1.1071451003883035
2023-05-30,1.1676416134741814,0.9551304416632478,1.1324680104119944,1.1075668423387597
2023-05-31,1.163969296168792,0.9492457793490204,1.1218757990074573,1.1014252613428173
2023-06-01,1.1837613076010758,0.9587033461089227,1.1318499619922286,1.111889800638291
2023-06-02,1.212943643711849,0.9694916219564496,1.1481794518197224,1.1279689707678202
2023-06-05,1.2095341019443757,0.9676001738193227,1.1426186011347899,1.1258075329409971
2023-06-06,1.2343387172880964,0.9654986251621943,1.1452666022981104,1.12825889253192
2023-06-07,1.2374624918238135,0.9593093007902515,1.1384941203388803,1.1243577588287297
2023-06-08,1.2430229201501761,0.9681008065120941,1.1433631124058345,1.1311585234023396
2023-06-09,1.2331411519459214,0.97042169446015,1.1449568200002904,1.1331880583969214
2023-06-12,1.2541347420703,0.9824481829946179,1.1581477568522545,1.1434682973691503
2023-06-13,1.2736199306098983,0.9890591213950584,1.1654070691010947,1.1510071723404722
2023-06-14,1.262252387125742,0.997147284920869,1.1708959014320288,1.1523776890491562
2023-06-15,1.2747677723149158,1.0078375211051565,1.1847068852992284,1.1666645178736608
2023-06-16,1.260623256673352,1.00249229432159,1.1818735660938975,1.1626905731459063
2023-06-20,1.2628398462028616,0.9981320292101671,1.176650478043362,1.1566584153015225
2023-06-21,1.2423102912727937,0.9955297391688448,1.1732862216139148,1.1507319615438785
2023-06-22,1.2392651472275145,0.9983428905701272,1.1764734989686567,1.154885743717095
2023-06-23,1.2127776448837002,0.9906768845299274,1.1690369319767704,1.1461547018566236
2023-06-26,1.2147812162079734,0.9847691796340962,1.162751418141321,1.1414719033743987
2023-06-27,1.2293998774634824,0.9995384962193856,1.1785095853327914,1.1539863085521305
2023-06-28,1.2410536432316543,0.9979911651263998,1.175765169167324,1.154568300873336
2023-06-29,1.2504212731311761,1.0018593841674417,1.1809882572178596,1.1591189485856648
2023-06-30,1.2688093506179758,1.0145190002389033,1.1940022839122033,1.1727973384058075
2023-07-03,1.2746455596006514,1.0110025066415889,1.1924087830690027,1.1741466151220814
2023-07-05,1.2599684267018412,1.0083298932498055,1.191346495118259,1.172400472866695
2023-07-06,1.2368525051021817,0.9980615971682835,1.1819621934654208,1.1632197547466838
2023-07-07,1.253242276252873,0.9941933781272418,1.1764734989686567,1.1602830985198453
2023-07-10,1.276501668036394,1.005094693054335,1.1840870450352483,1.1632197547466838
2023-07-11,1.292296022941008,1.0077671977546954,1.1920545492512509,1.1706277186363825
2023-07-12,1.3056783852316896,1.019160776135015,1.2030322139131195,1.1800465395506838
2023-07-13,1.31862799624377,1.0241543861662767,1.2144528775984331,1.189412467098673
2023-07-14,1.2980149156095822,1.023240073918862,1.2150724421940726,1.1886716293867607
2023-07-17,1.3168646941896165,1.0294289635251144,1.221889168921979,1.192799047522706
2023-07-18,1.3330605490304348,1.0366729207711258,1.2286174061125328,1.2016621575071882
2023-07-19,1.3361200066668344,1.0336489080098832,1.2288830125587613,1.20433442954835
2023-07-20,1.3200519764942442,1.0245060029185813,1.2199417099293677,1.1963442253997911
2023-07-21,1.323592755594468,1.022325544288602,1.2210037222117707,1.1963442253997911
2023-07-24,1.3239760888947762,1.0215519874335317,1.2264042028395226,1.2016887694821143
2023-07-25,1.3310879125636526,1.0291477788146932,1.2340177489061144,1.204969232589983
2023-07-26,1.3301169010438827,1.0231695331855557,1.2335751633851806,1.2051546899556158
2023-07-27,1.3049412663942412,1.0206377838775396,1.2280860553859054,1.1971644031611721
2023-07-28,1.3291993823108554,1.030202629071607,1.2387982514357159,1.2088849946147944
2023-07-31,1.3479006902487443,1.0321016856083203,1.239152347419297,1.2111869304458847
2023-08-01,1.3423349572441448,1.032242332309242,1.239152347419297,1.2077209273264984
2023-08-02,1.3159632611579386,1.0151519103930513,1.2198530825578444,1.1909205065597694
2023-08-03,1.311383910878055,1.0148706169912076,1.2175512519133111,1.1875073968066956
2023-08-04,1.3177743643414581,1.0140970601361374,1.210734249517064,1.1821368192706405
2023-08-07,1.3138189209685003,1.0277412031140518,1.2242793512696946,1.1924550753499064
2023-08-08,1.3066888165691195,1.025701499876417,1.219410634871081,1.1872694593041748
2023-08-09,1.300195516370685,1.0164881627432314,1.2117969509703188,1.1793321485219281
2023-08-10,1.2954115007004672,1.0170507495469188,1.2103802913676533,1.1797556260359663
2023-08-11,1.2950180191352958,1.0127606990945341,1.2055997888380516,1.1790675990444814
2023-08-14,1.301250916532597,1.0250683723394232,1.2186135398640547,1.1855761277692156
2023-08-15,1.282783335509967,1.019090344093131,1.2078128542768916,1.1717655871791768
2023-08-16,1.260804391549324,1.0090333441372596,1.2005536798622216,1.163166944026256
2023-08-17,1.243348040821826,0.9958109238792654,1.1926742516810607,1.154303668750004
2023-08-18,1.248195372836498,0.9984836459624714,1.1939137943748501,1.1548592970339382
2023-08-21,1.255822176620496,1.0093849608895644,1.205422809763346,1.1623731303021465
2023-08-22,1.2571744365699813,1.0050946930543345,1.200110956507117,1.1592248179641738
2023-08-23,1.2752993596364235,1.0177540917429506,1.2128591010868917,1.1721359233892479
2023-08-24,1.2454850142727392,1.0010858273123708,1.1964810936314414,1.1558911309064532
2023-08-25,1.2551996328295065,1.0068528855072802,1.2036521920112697,1.1640399325080644
2023-08-28,1.2631098805721421,1.0155036358367784,1.2116198340614428,1.1714215323604917
2023-08-29,1.290590660584777,1.0323124382768571,1.2298570866404925,1.1883541865430016
2023-08-30,1.2997561030608473,1.0355478558551732,1.2334866738478276,1.1932488064281306
2023-08-31,1.2973795969208797,1.0352664537619067,1.2337522802940561,1.1915025815268594
2023-09-01,1.309116519577713,1.035688502556095,1.236585185996876,1.1937250120167116
2023-09-05,1.2913593914685988,1.0304841398562956,1.2295913423600937,1.188565760008251
2023-09-06,1.29061509048457,1.0276005564131296,1.2214467212352151,1.1805758037973466
2023-09-07,1.2819845437156998,1.0245060029185808,1.2167545704087959,1.1769510379331385
2023-09-08,1.2746219334381697,1.0259830106611056,1.2166658052031025,1.178723626871681
2023-09-11,1.2785278343418907,1.031890715556937,1.2207383914338823,1.1864758108718345
2023-09-12,1.2807644098995876,1.0222553296295633,1.2132131970704727,1.1799671168553305
2023-09-13,1.2697850036084575,1.02295845444275,1.2153380486403005,1.1813430881924154
2023-09-14,1.2826567999427245,1.0313279113704041,1.2232172011531208,1.1915290282100157
2023-09-15,1.266315501381129,1.012690375744073,1.2046259904246603,1.177173024779881
2023-09-18,1.2538552302655221,1.0148000762579008,1.207989971185767,1.177863448502027
2023-09-19,1.24653893665595,1.0135343646410266,1.206484822045749,1.1754208493748997
2023-09-20,1.2326342573781834,1.0032660685595047,1.194887592788241,1.1646146519914022
2023-09-21,1.210895390978198,0.9854020897882438,1.1722239336631708,1.1453655163020662
2023-09-22,1.2070367967134592,0.9875120076849171,1.1738174345063712,1.142790187883849
2023-09-25,1.2106999213218397,0.9908176399222713,1.177712765994105,1.1475958807968651
2023-09-26,1.2030577940513942,0.9800186036239013,1.1621605230531096,1.1307361202848045
2023-09-27,1.2269802872493212,0.9819230947317472,1.1649155524496924,1.1311875321079266
2023-09-28,1.2405179723621644,0.9898935454468173,1.1732694058451338,1.137745483071809
2023-09-29,1.2350836111353436,0.9853792645894854,1.1712250494307794,1.1349843667044197
2023-10-02,1.2111620649205994,0.9858024002979003,1.1740691197013962,1.1345328722354129
2023-10-03,1.1830759447288974,0.9702143112257142,1.159316452782493,1.11934602972475
2023-10-04,1.1843339500678527,0.9781142212074779,1.1683813926626738,1.1274970627652523
2023-10-05,1.1848109837762744,0.9765623250747405,1.1689145352335155,1.1270720976252864
2023-10-06,1.2018634920069962,0.9910925205301783,1.185444435944671,1.1404537060728859
2023-10-09,1.2020708292664044,0.996946966628906,1.1945982788647154,1.1477550567711114
2023-10-10,1.2172300945961023,1.0031542250855878,1.1993083481332776,1.1537289492666667
2023-10-11,1.2106117473342328,1.0065398542100197,1.207839869774276,1.1584550541925598
2023-10-12,1.1810593407184775,0.9998389193116168,1.2041963613157376,1.1513925501015885
2023-10-13,1.1746161945838898,0.9932086338379429,1.1976197417125485,1.145657669505057
2023-10-16,1.1840693510440017,1.0049175260353986,1.2108614704562797,1.1577115718123319
2023-10-17,1.1922742575577139,1.0038595237272276,1.2089064305843,1.157658430508365
2023-10-18,1.160324093567153,0.9911632786463297,1.1934428150148277,1.1422325760986782
2023-10-19,1.1399208050184924,0.9846033165231167,1.1813564122868139,1.1321963904244499
2023-10-20,1.126383824004593,0.9739525353252547,1.1683813926626738,1.118283947458375
2023-10-23,1.118859883469941,0.9769150287412719,1.1677593470519685,1.116345736166567
2023-10-24,1.1374959173412038,0.9865079163223855,1.176290868692967,1.1247622277892495
2023-10-25,1.1070956887493622,0.9715544764671104,1.1577170250699682,1.1086194203283757
2023-10-26,1.1010606950869801,0.9557544391207375,1.138609694290702,1.0953441771345949
2023-10-27,1.0867948924714494,0.9549080590124852,1.13452173954993,1.0903792256014475
2023-10-30,1.0971500988820773,0.9652766772771222,1.1487408503954808,1.1034155395420893
2023-10-31,1.1151174726729425,0.9693677137346166,1.1538954348633617,1.1103453143419704
2023-11-01,1.1360610630208547,0.9843918030146208,1.1658038936774777,1.1221868167251472
2023-11-02,1.1604539076288665,1.0025193584858318,1.189443556562664,1.1436929288842081
2023-11-03,1.1976692271894147,1.0139461964414853,1.1996638224585618,1.154127219785822
2023-11-06,1.1826264663530561,1.0192363166737632,1.2038408869904529,1.156782301482932
2023-11-07,1.192591313015851,1.0207175633817718,1.2091731397038907,1.160074582952336
2023-11-08,1.165347744323449,1.0250202220391849,1.2129054133681225,1.160924182648728
2023-11-09,1.1256188332134187,1.019095126515728,1.2050849782118633,1.1518704086078664
2023-11-10,1.1373489741086948,1.036940519053714,1.224636479605022,1.1698450621067293
2023-11-13,1.1404668816304226,1.0400440939363433,1.2225923988590084,1.1687300038281572
2023-11-14,1.2012900085345828,1.057113755790806,1.2442768840380445,1.1914043155697571
2023-11-15,1.2036022907388328,1.051259309692078,1.2431215580223274,1.1939265026840076
2023-11-16,1.1849878352251422,1.0554915363076074,1.2424106093717584,1.1953867728236527
2023-11-17,1.2054136351266977,1.0578895951657519,1.2431215580223274,1.1968736549382237
2023-11-20,1.2201931334214013,1.0685404850550366,1.2532529208783618,1.2060866875992162
2023-11-21,1.201630955638083,1.0650137744639923,1.250942131012757,1.203458217877032
2023-11-22,1.216187741724145,1.066706534680497,1.254585777305466,1.2081045695240324
2023-11-24,1.2274057350860685,1.0672709692383695,1.254585777305466,1.2088478039666057
2023-11-27,1.224839928967114,1.0642378263976235,1.2508533658070637,1.2066708287134282
2023-11-28,1.2304156236845611,1.0606404663818503,1.2499646110767673,1.2078655576250084
2023-11-29,1.2400654204889796,1.0597235455402918,1.249342565466062,1.2070159579286164
2023-11-30,1.2359036461031934,1.0588066246987333,1.25369729824351,1.2117685095376658
2023-12-01,1.2775966922539974,1.0616280366481379,1.2611622590744846,1.218937213590686
2023-12-04,1.2943361015958006,1.0498484950259532,1.2547635833851931,1.2125384386010498
2023-12-05,1.2829916747732257,1.049707630942186,1.2541413999403175,1.2122995093479108
2023-12-06,1.2939574684598532,1.0397621483859638,1.250497891481779,1.2074143110936562
2023-12-07,1.307369389203063,1.0547859115917,1.2600069330587673,1.2166273437546486
2023-12-08,1.3212563570178182,1.0636735005311737,1.2664945117879225,1.2218578365158608
2023-12-11,1.322286221661629,1.074888824978331,1.277425588500219,1.2266103054790252
2023-12-12,1.325876365309418,1.0844814951765993,1.287379145276526,1.2322124567844666
2023-12-13,1.3753031348841573,1.0914644843168047,1.3022204395669523,1.2492048639417324
2023-12-14,1.4236444230385135,1.0849045221935916,1.3013316848366558,1.2532139331705539
2023-12-15,1.4186586052871188,1.0898421561421836,1.3001763588209387,1.2511505133631782
2023-12-18,1.4187372785183963,1.1019037520061705,1.3092412987011195,1.2581883889804604
2023-12-19,1.453570434594945,1.1083224152799256,1.3151957348594332,1.2658392491257717
2023-12-20,1.4165153795308998,1.0900048672019051,1.298071493205809,1.24829832123067
2023-12-21,1.4498821705185532,1.1044976728079479,1.3095707223682116,1.2601344516313304
2023-12-22,1.4703101769688414,1.1054875255941112,1.307698796500942,1.2626668868353037
2023-12-26,1.4916750684229545,1.1116380471281646,1.3135819723931943,1.2679985381595882
2023-12-27,1.5078813929217485,1.1143953311381998,1.316077873549554,1.270291217651574
2023-12-28,1.5036155654945198,1.113759051549949,1.3156945567218625,1.270770977013204
2023-12-29,1.4787527804373126,1.1091637955827356,1.3124834340556535,1.2670922433861802
2024-01-02,1.4639479620701785,1.0888737155662842,1.3029391069310603,1.2600010611731614
2024-01-03,1.4255733456014783,1.079612445515706,1.2945542408472943,1.2497111526324034
2024-01-04,1.430127735101784,1.0768551615056705,1.2900048862213385,1.2456855542266094
2024-01-05,1.4256334471571215,1.0791175734683354,1.2911646229305063,1.2473918611654917
2024-01-08,1.469726716491461,1.1046391890402512,1.3102532771796926,1.2651995699769316
2024-01-09,1.4619486877218086,1.1083859997621817,1.3092723113894444,1.2632801193009875
2024-01-10,1.4623581530150669,1.1192026440710228,1.3171215538873027,1.2704244428179734
2024-01-11,1.440101589988963,1.125635980686837,1.3203329522218523,1.2698648475315657
2024-01-12,1.428617251366697,1.1278982839580793,1.3235442127222319,1.2707442823923933
2024-01-16,1.4004810413940036,1.1307262173928436,1.3178353970554488,1.266079170129529
2024-01-17,1.3824965767598023,1.1242927720856066,1.3125724749296876,1.2590415424499015
2024-01-18,1.3831593593670874,1.1389977433486813,1.3259524513462613,1.2702378284099525
2024-01-19,1.3959032206371313,1.1635296148258565,1.3452194630118561,1.2860727799497116
2024-01-22,1.4259574471200838,1.1666402546509589,1.3499473128883914,1.2887919948534754
2024-01-23,1.4252482301198506,1.1676299987456995,1.3469144098044208,1.2925508123429315
2024-01-24,1.407060826117568,1.1791535720675201,1.3493229240967906,1.293963809036435
2024-01-25,1.423776566115313,1.187142282941597,1.3532476142628047,1.3010014367160625
2024-01-26,1.4224246986441869,1.1816986904205233,1.3500364915965957,1.2993487669564563
2024-01-29,1.4638371268358377,1.1952017519318254,1.3623459100122055,1.309638840788984
2024-01-30,1.4429938103484417,1.1925859841540933,1.3623459100122055,1.308625767532333
2024-01-31,1.4134891835176975,1.1710942117687144,1.3424543717208393,1.2872725502602687
2024-02-01,1.4375624674953817,1.1911013680119824,1.3585103985543956,1.3041205750566789
2024-02-02,1.4350074202413947,1.2222787417620038,1.3763504130545503,1.3178495441583578
2024-02-05,1.4154433885911213,1.2253187321623773,1.3755476668465407,1.3130510414373247
2024-02-06,1.4428129996374246,1.2199457890660326,1.3779557676363994,1.3168631655225174
2024-02-07,1.44338558923305,1.2396701302275397,1.3941008353439897,1.3278463903913915
2024-02-08,1.4591601106316545,1.245043182015307,1.3974015502209143,1.3284329282362646
2024-02-09,1.4871764178321494,1.2616568833517114,1.4061429933033274,1.3361103177106168
2024-02-12,1.5074993180821923,1.2542336939497338,1.4060536767609526,1.3355239451575136
2024-02-13,1.4465550368884537,1.2393167744124722,1.3885705149277856,1.3171297811470857
2024-02-14,1.48782874142448,1.2641313522799855,1.402664334512505,1.3290992193600304
2024-02-15,1.5149495783443456,1.2665350630921082,1.4107813888033172,1.3382696893903183
2024-02-16,1.5113529161474077,1.2540216369841242,1.4000776006378968,1.3316051252349625
2024-02-20,1.4927334522948261,1.2382561635101572,1.3896409350945786,1.3242741873099562
2024-02-21,1.4818986204613147,1.2270862720776716,1.3918710919705395,1.3254737923287432
2024-02-22,1.4936337295126902,1.2753013524038936,1.427729202718917,1.352905118557175
2024-02-23,1.4909836028549108,1.2729683997079224,1.4295131903855154,1.353838107951394
2024-02-26,1.513036055381403,1.2763617459233632,1.4281753719282795,1.3488796854431508
2024-02-27,1.5527148684232264,1.277139541743917,1.4280860553859047,1.3513854260263136
2024-02-28,1.5426681150723893,1.274453124541456,1.4249641114279,1.3495995311003082
2024-02-29,1.5448102292711887,1.2881683517097902,1.4296916856360942,1.354451340417078
2024-03-01,1.5775340389547552,1.3183557639822256,1.448423625052463,1.3671672362621055
2024-03-04,1.575182603625836,1.3271929201015855,1.4473532048856699,1.3657010156187503
2024-03-05,1.5529691289143492,1.3030853799384745,1.4316541685532718,1.3520520477336189
2024-03-06,1.5657927346744025,1.315881403745374,1.442090420594079,1.3589031436511105
2024-03-07,1.5787177082183268,1.3375854504792075,1.458949193635645,1.3723922743949168
2024-03-08,1.5743715205147286,1.3125588156460848,1.441555072676512,1.3641547937588476
2024-03-11,1.5542571605673914,1.2952379679138553,1.4375412038022934,1.3629818833608713
2024-03-12,1.5585443829620131,1.322456147902069,1.4585030244262824,1.377644007148539
2024-03-13,1.5664166699521975,1.315174583423817,1.4563623219268664,1.3754845528229527
2024-03-14,1.5362984967008466,1.3081753992616356,1.4540432620110417,1.3727654205650737
2024-03-15,1.5516607068675896,1.2905011957143389,1.4403956116356849,1.3633393268129042
2024-03-18,1.550863317522433,1.2998332238810688,1.4485128037606672,1.3714417640731071
2024-03-19,1.562306300267555,1.3054183326344455,1.4569867107184673,1.3790631196375225
2024-03-20,1.5985632224485777,1.320759583485771,1.471258749885425,1.391818354923745
2024-03-21,1.6118128512160195,1.3345007879041209,1.47908152822258,1.3964179289999128
2024-03-22,1.5898011937096879,1.3344300297879694,1.471392724698987,1.3937704507242101
2024-03-25,1.5939192253942323,1.332873351232635,1.4656709526201928,1.3899199789484409
2024-03-26,1.584916169291555,1.3283447231075118,1.4600386349179435,1.3873526671810552
2024-03-27,1.6141503431533615,1.328274073682783,1.4676379840649914,1.3990118527422242
2024-03-28,1.6269951630902146,1.325656023385175,1.4693366523801548,1.3987445759505772
2024-04-01,1.6154958849931162,1.3270711857082063,1.4650450476527184,1.3963108199331302
2024-04-02,1.5811331617177349,1.3183679374215633,1.455926214611938,1.3874331642729119
2024-04-03,1.585944672807277,1.3296184778896625,1.4563729351579817,1.3889569890980167
2024-04-04,1.5665267998178374,1.30421631419125,1.4358104201254425,1.3720034255066365
2024-04-05,1.5749074947274448,1.3272834600566608,1.453154507280745,1.3863364533807792
2024-04-08,1.5851563686111203,1.3238162036738113,1.4522606526861463,1.387112002364334
2024-04-09,1.5918083109354735,1.315466854659349,1.452439423605066,1.3887166548648349
2024-04-10,1.5567741771620627,1.3102306453727104,1.4383139021611704,1.3748111541530885
2024-04-11,1.5696715735193412,1.3248776841075074,1.4510981592935719,1.3851867664764494
2024-04-12,1.5265232784090408,1.3012443646214613,1.4317871785276413,1.366066888951039
2024-04-15,1.4852807684172833,1.2791677236907497,1.4140855495344993,1.3489526617594851
2024-04-16,1.4750189909949272,1.2855360628358132,1.415426676011823,1.3464923764129972
2024-04-17,1.461341687947152,1.2681295662625278,1.4055028914163077,1.3385235775486177
2024-04-18,1.4527091706053652,1.260346064794433,1.4024630966238205,1.335769320789672
2024-04-19,1.4430999812826855,1.2282218800616216,1.3818111272147362,1.324110217874388
2024-04-22,1.464386035651396,1.2404630341558427,1.3936122132101643,1.336304122310621
2024-04-23,1.4963290302932328,1.2670681945202544,1.4096154495564837,1.3521615535310627
2024-04-24,1.4921486971661322,1.2612659203044034,1.4086318649169993,1.3515196429433314
2024-04-25,1.4797607975691645,1.255463754779975,1.4043406736920738,1.3463854326379847
2024-04-26,1.4924898762739056,1.2713844396055,1.4219529861428413,1.3591409985077465
2024-04-29,1.5028516475893343,1.2718089883024095,1.421237764632992,1.36395429484217
2024-04-30,1.4736628832432837,1.2531994950631247,1.403267910344385,1.3423475199953459
2024-05-01,1.486695329916589,1.2403214092321169,1.396383920541357,1.337988776027669
2024-05-02,1.511064525251605,1.253907184916063,1.4069333344360062,1.350503594434825
2024-05-03,1.533746488016372,1.2743561717924432,1.4232046582436202,1.3672435184138343
2024-05-06,1.5514257980850419,1.3002537509953396,1.4424261846330058,1.3813627413838365
2024-05-07,1.5495570331532527,1.2994753030262496,1.447075193364111,1.3828869794383658
2024-05-08,1.546214483827648,1.3013152314290357,1.447075193364111,1.3830206178341893
2024-05-09,1.5575944113214895,1.3040039311513725,1.4518135186375913,1.3909894166985686
2024-05-10,1.541642569074581,1.3063389489843742,1.4567306148299912,1.392781344774169
2024-05-13,1.5553100583000379,1.2996875773747043,1.4558366224012222,1.3929682897657292
2024-05-14,1.5815929824194819,1.3081079018881634,1.462273753824036,1.3993592960421883
2024-05-15,1.6018982256274044,1.3386046499494888,1.4859655180256075,1.4166876587214223
2024-05-16,1.5938589090234865,1.327212701940509,1.4802437459468132,1.4137729036540725
2024-05-17,1.6000878336966777,1.32600970527451,1.4799753828171782,1.4158051659628548
2024-05-20,1.6175064736004672,1.3373311125501832,1.4849822090544638,1.4174364304382816
2024-05-21,1.6100222899593588,1.338038693711699,1.486323059863447,1.4209126816473907
2024-05-22,1.6020760129212974,1.3355621596463942,1.4817636433430568,1.4168215450549004
2024-05-23,1.575631620681475,1.3351376109494848,1.47818739795964,1.4064726273523502
2024-05-24,1.600110277029223,1.3485816530182824,1.4887369496884595,1.4157785539879288
2024-05-28,1.6071732522663529,1.354383818542711,1.4924023737800807,1.4167679905215091
2024-05-29,1.5752710123371367,1.3445485490890658,1.4805121090764481,1.4068471785025496
2024-05-30,1.586234546745302,1.320915120911597,1.4723761715043004,1.3975143093085056
2024-05-31,1.5909130221738248,1.3203490559823845,1.4817636433430565,1.410243097911572
2024-06-03,1.5833115555088595,1.3180847962655344,1.4831044941520397,1.4113928674617866
2024-06-04,1.5732648444357338,1.3145469991493788,1.4866806017012861,1.4129707426955918
2024-06-05,1.6107862100562973,1.3445485490890658,1.5055447240870026,1.4297640559162226
2024-06-06,1.60050347793086,1.3383217261763054,1.5049189569536983,1.429737278649527
2024-06-07,1.5820099867889639,1.3393829892271563,1.5033094673467393,1.4279992356908573
2024-06-10,1.594440567937182,1.3542424110018305,1.509389194765884,1.4324113689001556
2024-06-11,1.5904420824656074,1.3507573292256647,1.5163320397596434,1.435861008134339
2024-06-12,1.6149584927279437,1.3659861931459598,1.5265447247761732,1.4476537494454464
2024-06-13,1.6035522330470338,1.378381689060358,1.5306656908007394,1.450568669804566
2024-06-14,1.5825958489930692,1.3789482974466838,1.5330846804900542,1.4514511625631334
2024-06-17,1.5902165025595139,1.3977896294905021,1.545268394142322,1.46300307376575
2024-06-18,1.5832905748975463,1.4081309662080517,1.5515394353898864,1.4667201550833502
2024-06-20,1.5792251051960038,1.3961604537562537,1.5446411108331437,1.4627356316823332
2024-06-21,1.585208952115521,1.384189832613033,1.5413264747050157,1.4607747754180727
2024-06-24,1.6036248119086505,1.3678986187276603,1.5357718954748334,1.4560262734573817
2024-06-25,1.6098928908833567,1.3805066063733584,1.5427598122422914,1.46163330087003
2024-06-26,1.6137702213436658,1.3765400215948096,1.5394451761141636,1.463457460840727
2024-06-27,1.6257129937241244,1.3816399318374328,1.5385493918411803,1.4657646033625635
2024-06-28,1.6276762321263207,1.3802941146420584,1.5297697686935856,1.459996581766202
2024-07-01,1.6308165875382552,1.3826315236863589,1.526813501408319,1.4630014208480524
2024-07-02,1.6266220060598586,1.3910605435136307,1.5360409477753205,1.4728471904035565
2024-07-03,1.6332632464314938,1.4028186729255514,1.5427598122422919,1.4794198523349444
2024-07-05,1.635486397287172,1.4066435240889519,1.5535101883572844,1.4879507258622773
2024-07-08,1.6482981370405179,1.4132308764506751,1.5518976663985782,1.4896679420579615
2024-07-09,1.6355646556827275,1.4163474943040237,1.5524350818287,1.4911163938360712
2024-07-10,1.6518986711468566,1.4278929146017991,1.5647085255258537,1.5058714942442095
2024-07-11,1.698566337679606,1.4077059827454517,1.5502850066057017,1.4928869992733769
2024-07-12,1.7222990550209203,1.4118850592553005,1.5616625281957017,1.5023033408111324
2024-07-15,1.7498268857314505,1.418897395079624,1.5675750627662346,1.5064348085954358
2024-07-16,1.797335797159044,1.4264055811741216,1.5774295167740733,1.5153683328738214
2024-07-17,1.7502095449658563,1.372856904046558,1.5518080741878633,1.4941212329179214
2024-07-18,1.7084748243911334,1.3624447005214342,1.5415056591264478,1.4826389095503596
2024-07-19,1.7002116461628343,1.3542990392330365,1.5299489531150172,1.4727934705783952
2024-07-22,1.7242619445184713,1.3768234888251067,1.5506432376143933,1.4879778337125122
2024-07-23,1.73361940445763,1.3790192729456812,1.5452683941423229,1.4856435833404404
2024-07-24,1.682597904856051,1.3291537133663693,1.509254530781471,1.4519753027649343
2024-07-25,1.689278176044827,1.3147041669465451,1.497877284859812,1.4444098984645712
2024-07-26,1.7080016993502933,1.332270331219718,1.5172279618667983,1.4605870039676632
2024-07-29,1.6875478101033534,1.3273121545922433,1.5170486396111973,1.4614453641278506
2024-07-30,1.669987109666902,1.3101002156655188,1.510867190574348,1.4540411193029705
2024-07-31,1.7013834348527803,1.352669863498788,1.5389077606840433,1.4776760241643336
2024-08-01,1.6490597609377229,1.3156957587954712,1.5217070210658854,1.4567505819923205
2024-08-02,1.5794945118017112,1.2707177264189051,1.5007439599343633,1.4296283513732764
2024-08-05,1.5269420393837716,1.2428102254281828,1.457026131291182,1.3879921810381242
2024-08-06,1.5561138809927493,1.263563765670856,1.4727035276588383,1.4007889045585478
2024-08-07,1.5265721143560622,1.246776701515309,1.4606094062172859,1.3914259522624137
2024-08-08,1.5823233467732283,1.2947296181300754,1.4982356537026735,1.4235922265264191
2024-08-09,1.5875682429751001,1.307904322853522,1.5073732321906188,1.4298695120653067
2024-08-12,1.57930839309491,1.3115875490931967,1.5098818140906491,1.4306209284504816
2024-08-13,1.605763602543285,1.3398493841217902,1.5323678049701623,1.4541483936615227
2024-08-14,1.5904470294579627,1.3505449461857881,1.5361304021518671,1.4587359014385006
2024-08-15,1.6418679150067048,1.381498198222285,1.5635436889523844,1.4837389262778868
2024-08-16,1.6389651573631274,1.3802941146420589,1.564439611059538,1.4870654231436244
2024-08-19,1.6667414862139462,1.395735470293654,1.5759065870260829,1.5012839864672323
2024-08-20,1.654790255426703,1.3931855695180537,1.5755482181832214,1.498842627028378
2024-08-21,1.6812201539859066,1.3999853049196544,1.5869257397732215,1.503993449156582
2024-08-22,1.6548738290425138,1.388227392890579,1.5746524339102383,1.4921894680051333
2024-08-23,1.712241234975469,1.401543505154906,1.58907581499622,1.508044419849029
2024-08-26,1.7127245590199534,1.3887940012769049,1.5867465553517908,1.5044494891492564
2024-08-27,1.702508336406604,1.393397952557931,1.5924800433350632,1.5065153056872929
2024-08-28,1.6796405863433719,1.3805066063733586,1.5802963296827954,1.497769552859316
2024-08-29,1.6865821481147825,1.3778858387901842,1.5804755141042262,1.497903604484564
2024-08-30,1.6943869080871297,1.39800201253038,1.5926592277564942,1.5122024996082584
2024-09-03,1.6230623280836436,1.356848940008637,1.5583477542334045,1.4810831834136982
2024-09-04,1.6323212109994174,1.3550781393506626,1.5562872712211213,1.4780515670651522
2024-09-05,1.657436367028335,1.3470741029859907,1.5472391471097209,1.4744566363653795
2024-09-06,1.611451112310936,1.3176791598761683,1.5288739844206038,1.4496412176846327
2024-09-09,1.6402906327793447,1.3401327426606642,1.5458954017831608,1.465871712429346
2024-09-10,1.6403223312141153,1.3428242683599902,1.5497474533414106,1.4722569334938649
2024-09-11,1.656124867374007,1.3642862592955605,1.565872948596814,1.487360468952586
2024-09-12,1.6746734783533512,1.3823482738389077,1.5772503323526434,1.499889089222514
2024-09-13,1.7119851721916135,1.3936813110968056,1.5840590646986707,1.507722596773373
2024-09-16,1.7105541011076066,1.3975062709516286,1.5871049241946524,1.509949242203353
2024-09-17,1.722780583131713,1.3966561953350058,1.5869257397732217,1.5105662763797403
2024-09-18,1.7266198648371802,1.3922647357852795,1.5800275530506496,1.5060862082530844
2024-09-19,1.76894855019249,1.4193223785422244,1.603409466037316,1.5317865990689448
2024-09-20,1.7646120800900267,1.4277513983694965,1.5982135313183357,1.5291387902097027
2024-09-23,1.7654734051765,1.435755217351323,1.603857427090893,1.5329598400504605
2024-09-24,1.7764191214937926,1.4378801346643233,1.6043949803551851,1.537346022451912
2024-09-25,1.7637700502203448,1.4406486138908925,1.6019957009522277,1.5339555576712904
2024-09-26,1.7878802692293416,1.4431330824300517,1.6092741721507442,1.5400371377548223
2024-09-27,1.798131278957479,1.4334791102694031,1.6056800083251843,1.5378035500705136
2024-09-30,1.8001073448878637,1.4392998620271067,1.6111612597767504,1.5439659578294416
2024-10-01,1.7738544361150093,1.4312785437262319,1.6007376884796138,1.5301343425387628
2024-10-02,1.7788616893402467,1.4354666416241615,1.603433449182954,1.530780302774852
2024-10-03,1.7682385709838826,1.4324853445920243,1.6027145061505057,1.5279817478216198
2024-10-04,1.799980458098655,1.4463983901495991,1.6103525866994164,1.5418669176456898
2024-10-07,1.7863039923831585,1.436034554307559,1.5957953686340431,1.527927862704689
2024-10-08,1.7991404712347099,1.450302586051541,1.6118800649750284,1.5423783303812224
2024-10-09,1.8000436008392708,1.4619441982583703,1.6223935041512212,1.5530614680421586
2024-10-10,1.7901524894212293,1.4552006563222848,1.6197876113269372,1.5503435754725525
2024-10-11,1.8322318687430157,1.471953156605426,1.6303010505031297,1.5596273530109879
2024-10-14,1.8484983227489282,1.4833108668162676,1.6461161432069469,1.5723825882972107
2024-10-15,1.8331858715194975,1.4681909117014775,1.6258980757660657,1.5601655430132162
2024-10-16,1.8670984741677044,1.4811101915816736,1.6346142951953082,1.5669468031579985
2024-10-17,1.8576593615110788,1.4811101915816736,1.631918534491968,1.5670811853667859
2024-10-18,1.8634934100941658,1.4859372863534204,1.6391970056904843,1.5731090456251569
2024-10-21,1.846938561326802,1.4815362619585,1.6351535024696444,1.5705257005561077
2024-10-22,1.8472826326486116,1.4769220936837437,1.62985184894202,1.56969163828607
2024-10-23,1.8175446918020686,1.4735148349662026,1.616103579622321,1.5553487755516284
2024-10-24,1.8207936297032303,1.4691847860702791,1.6149352971945927,1.5587122977737846
2024-10-25,1.8181300083594338,1.4604536040880127,1.6152946308766467,1.5581741077715565
2024-10-28,1.8456374272838494,1.4659904538497284,1.6182599952171548,1.5629912058166837
2024-10-29,1.8435848621959425,1.4644996422965257,1.6223935041512212,1.5655205004770323
2024-10-30,1.8371133605836498,1.455910520003676,1.6140367562382028,1.5607845606908406
2024-10-31,1.7899547289285018,1.4368153934879468,1.5852820672920207,1.5301883929474633
2024-11-01,1.8042042480067386,1.4317753722192093,1.5913023881837525,1.5366465076824314
2024-11-04,1.8093971754419018,1.4290780858744823,1.5895053062709725,1.5333365399936665
2024-11-05,1.8390445590527253,1.4533550759655198,1.605680008325184,1.551877483095611
2024-11-06,1.9238209504243653,1.486931052030799,1.637759257459758,1.5904658384887842
2024-11-07,1.9324326861891716,1.4939587133457175,1.6532148786473508,1.6027633808646353
2024-11-08,1.941432083859184,1.517951692749345,1.657168651823305,1.60970613106844
2024-11-11,1.9693275074430523,1.5162480633905746,1.6556411735476932,1.6112398733997282
2024-11-12,1.933809759953876,1.5085106470856875,1.6540236895588551,1.606235003904192
2024-11-13,1.912493912044831,1.5046774266827423,1.649980048503845,1.607015181057299
2024-11-14,1.8827746415010849,1.489131618573971,1.6403652881182125,1.596681800781103
2024-11-15,1.8286014236935357,1.4794066709143254,1.6134975489638665,1.5762305806964338
2024-11-18,1.845141662623568,1.4865051990368179,1.6172715863817086,1.5826888607231713
2024-11-19,1.8781773478341863,1.4977209582496658,1.6210456237995508,1.5884744032471239
2024-11-20,1.8876715049304746,1.502121982644586,1.6254487363707852,1.589012593249352
2024-11-21,1.922541020707144,1.517738766252354,1.63614191130509,1.5975429709013758
2024-11-22,1.9649618855024396,1.525547158056238,1.6421625078651625,1.6024944511552903
2024-11-25,2.00168052218715,1.5223528258356875,1.6511483309315729,1.6079302362945023
2024-11-26,1.9838861510560237,1.5351301547178897,1.6583369342510332,1.6163259011541993
2024-11-27,1.9934218993143247,1.5279606510964001,1.655641173547693,1.6114283060172154
2024-11-29,2.0076760805274505,1.5369758437660768,1.6649864681303275,1.6214387061753666
2024-12-02,2.0084237097482145,1.5246952346854301,1.6711865247801714,1.6243450313624606
2024-12-03,1.9995984722731155,1.528102602094394,1.6715461341305657,1.6250982659571025
2024-12-04,2.0106913556335546,1.5379696094434558,1.6790044789213645,1.63518949379065
2024-12-05,1.986913312735777,1.5374726722590548,1.67190560564679,1.6324985437795092
2024-12-06,2.0235104778432644,1.5442872983855598,1.6754999073065204,1.6355931362923208
2024-12-09,2.0097854949032667,1.5119180144946505,1.667502493075556,1.6271703635823889
2024-12-10,1.992946788102196,1.4976498740592457,1.6637283178235434,1.6221114436781523
2024-12-11,1.9938434954807749,1.5144734585328063,1.6724446750869562,1.6346513037884216
2024-12-12,1.96763243787302,1.503399650317952,1.6600442861189275,1.6262286963702592
2024-12-13,1.9581357536747839,1.521146024969895,1.653035280723409,1.6259058815439842
2024-12-16,1.9913708876119396,1.5336394518561094,1.6525860791622993,1.6328483011642494
2024-12-17,1.9733305187052907,1.5151761485803021,1.6465293700496,1.6261209261363978
2024-12-18,1.87668636792737,1.4627493843174335,1.6035388923232574,1.5776568833774005
2024-12-19,1.865131479127329,1.4616096460594223,1.601646291330438,1.5771722479085635
2024-12-20,1.8987159201096995,1.4895325812321623,1.6171479491309215,1.596115841761561
2024-12-23,1.8981480403687607,1.4953735495944802,1.6294052662301461,1.6056738383459719
2024-12-24,1.9243273930152023,1.5146062794512967,1.6415724397819742,1.6235208865986066
2024-12-26,1.9411629253402407,1.5167431528207895,1.6425638809691676,1.6236289874160073
2024-12-27,1.9049096125908112,1.4983653896946156,1.626971941787117,1.6065378184263301
2024-12-30,1.8867375706223088,1.480842267224816,1.6094872637780764,1.5882046470789313
2024-12-31,1.88339256216778,1.473932753486329,1.6049809134132638,1.5824267079763863
2025-01-02,1.9023048418782567,1.481483329235664,1.600744855856471,1.5785387149688892
2025-01-03,1.9679975674679622,1.5048474200677817,1.6159763586831053,1.5982757093165718
2025-01-06,1.9730054133646622,1.509406264408404,1.6222853043275112,1.607482791473854
2025-01-07,1.9557361723603945,1.487538093626354,1.6100279872282866,1.5893117713525564
2025-01-08,1.9593515331902727,1.4943051129097342,1.6131824600504896,1.5916336248418985
2025-01-10,1.9239749259666774,1.473790259031222,1.5893889742312137,1.5673334206073877
2025-01-13,1.9193405608139775,1.4733628843573234,1.592092729316433,1.5697635402059007
2025-01-14,1.9316063530515106,1.4886778318843652,1.5920025857690363,1.571923573052681
2025-01-15,1.9852213859671377,1.5170993346128459,1.6173282362257155,1.6005169004222874
2025-01-16,1.9996195284409881,1.5272142670969948,1.6175085233205089,1.5974388370864483
2025-01-17,2.013909688569365,1.5482277972226703,1.6285041064245205,1.6134769322112006
2025-01-21,2.06104421651311,1.572589131857692,1.6415724397819749,1.628245917127996
2025-01-22,2.073086716852938,1.5812081442917734,1.655812501421416,1.6373989488765779
2025-01-23,2.093334013591905,1.5940299279658436,1.663833760963848,1.6463361095738978
2025-01-24,2.081465643967944,1.5885450327041593,1.659237404885809,1.6415299207855725
2025-01-27,2.0417322498992894,1.5237951610143838,1.6452676360543876,1.6183098982662218
2025-01-28,2.056717049059148,1.540677112781913,1.6557223578740194,1.6322150683944288
2025-01-29,2.057086701581163,1.541033294573969,1.6506751462248268,1.6248979323321944
2025-01-30,2.1063361667826213,1.5663206801300529,1.6660869361462545,1.6336188913947123
2025-01-31,2.080797804291943,1.5609070864416335,1.6525678850518166,1.6249248748906595
2025-02-03,2.0562369265369753,1.560479711767735,1.6444566197961583,1.6139898325726607
2025-02-04,2.0839072109681904,1.5697397862126643,1.6522074486964002,1.6248169393650285
2025-02-05,2.1232778027686847,1.594243615302793,1.6594175541464322,1.6314048081392314
2025-02-06,2.1207764025154585,1.610555806632739,1.6615805857814419,1.637074977007915
2025-02-07,2.0959951560023002,1.6017941910521278,1.6485122524239875,1.6220899557480875
2025-02-10,2.1105239685773136,1.6175365132530684,1.660589282428419,1.6331058257414823
2025-02-11,2.0913614189988055,1.6095585628298348,1.6621213092316518,1.6343479933909737
2025-02-12,2.084758340630308,1.6062106496290658,1.656984229703403,1.6290829546498888
2025-02-13,2.1252282588977516,1.6220241647118485,1.67455891342567,1.6462820591651972
2025-02-14,2.1523866906949034,1.6262268272604146,1.668340111328661,1.6462010661980315
2025-02-18,2.1558036335757667,1.6346321523575467,1.672576168885454,1.6510340322530528
2025-02-19,2.16439359972876,1.6326376647517384,1.6782541096980828,1.6549220252605499
2025-02-20,2.1427500422419863,1.6039311731130435,1.6736576157858736,1.6480371271761494
2025-02-21,2.070703237543679,1.5665343674670025,1.6457183537913718,1.6198489299341416
2025-02-24,2.033828340151856,1.5504359721654284,1.640490992881556,1.6124779087549765
2025-02-25,2.003790503495161,1.5446661966849526,1.6387785411493596,1.6044587785467155
2025-02-26,2.0170611913615444,1.5542824529219381,1.6361647917773667,1.6052687082183732
2025-02-27,1.9821908924608707,1.5276417504623165,1.6127318801476775,1.579645508658975
2025-02-28,1.995921725524156,1.55592075873569,1.6364352224195569,1.6042967926123837
2025-03-03,1.9112537437745352,1.5268581939963615,1.614173901237684,1.5761895883375416
2025-03-04,1.901532730287397,1.4954448511677454,1.5975903830342695,1.5575324451214794
2025-03-05,1.9362942941662675,1.514534977878032,1.6146244811404968,1.5742725343922583
2025-03-06,1.8792717416544042,1.455982256342631,1.5882172459492279,1.5463274813435177
2025-03-07,1.8859938042872346,1.4556261832419972,1.5937150375012337,1.5549943899973353
2025-03-10,1.8022572972027702,1.3970021601333313,1.5581149523197162,1.5135762395064518
2025-03-11,1.8194643516266251,1.4017034989290609,1.5389178225784792,1.5009940647031323
2025-03-12,1.8441071040629513,1.4237854657394828,1.5421624389480788,1.508959144502693
2025-03-13,1.7959254518504146,1.4014186187102695,1.5155749166620163,1.4888439625858771
2025-03-14,1.8508369979624701,1.4388154243563105,1.5445959012252786,1.519597157510494
2025-03-17,1.8838889224181128,1.4556973761238394,1.5600976968599327,1.531315352233455
2025-03-18,1.8515457534196547,1.4272045718220938,1.5442988685882146,1.514764191455473
2025-03-19,1.8915118437454566,1.454415143410721,1.5589324467839516,1.5312613018247545
2025-03-20,1.8851531459498894,1.4523494629230704,1.553060848962007,1.5268333006055625
2025-03-21,1.8892407364280275,1.4583329257404956,1.5500800471944216,1.527336944627918
2025-03-24,1.950383575739914,1.4991489461605703,1.5769083657760528,1.5546892613904209
2025-03-25,1.929499230082169,1.5033516087091363,1.5793472035858955,1.5584265083039275
2025-03-26,1.8787328839262591,1.4745738154971766,1.5659782539029485,1.5398215972870988
2025-03-27,1.8644743235166574,1.4589740964427658,1.5633587154958015,1.5357322789040755
2025-03-28,1.8195324862764184,1.4307661723598115,1.5321041282023202,1.5048051970377068
2025-03-31,1.7975827020681552,1.439812668159214,1.5436664854147344,1.5149066729609768
2025-04-01,1.7947457384789085,1.449856299070098,1.5472796703557998,1.5191854157121063
2025-04-02,1.824276466053503,1.4680917851240103,1.5560417885637627,1.5287994462064542
2025-04-03,1.6451991987779644,1.3889530168282551,1.486938627268149,1.4534589616899956
2025-04-04,1.5482401094839784,1.290439132911999,1.4045567976711553,1.368369155365668
2025-04-07,1.5579633633568317,1.30148011631721,1.3964269248025023,1.365931845575172
2025-04-08,1.5040254871189416,1.2881596563959765,1.3768251139371723,1.3445375532983308
2025-04-09,1.6790568780700457,1.4231442950372117,1.4963329908154213,1.4857399484421907
2025-04-10,1.583537210215418,1.376629800709926,1.4516191724574259,1.420636313808408
2025-04-11,1.6176313636081674,1.3965747854594326,1.47646019797122,1.445984467862982
2025-04-14,1.6409499578149858,1.4089691944596041,1.48910662093329,1.4600126150678652
2025-04-15,1.6272094905994623,1.4168046504277305,1.485403016776487,1.4559232966848419
2025-04-16,1.6074356625419728,1.3868872276491822,1.454419411461877,1.4235609863819414
2025-04-17,1.6240977825216745,1.3915173735630695,1.4582132970002468,1.4255920916483353
2025-04-21,1.5891955734151952,1.3529808296590171,1.4259652010070172,1.3916591789494976
2025-04-22,1.6388571691650353,1.394509104971782,1.46128465581774,1.4278670022750757
2025-04-23,1.6779746920183076,1.4269908844851442,1.4784474910390568,1.4499924626953005
2025-04-24,1.7400515696121726,1.4589740964427658,1.5069018393280866,1.4805132573916826
2025-04-25,1.744465938324042,1.4730067025652664,1.5151218557441364,1.4912104448530459
2025-04-28,1.7565375270624604,1.4799162163037538,1.516476903472664,1.4917790485409037
2025-04-29,1.7621144982322532,1.4909571997089648,1.5256002850410653,1.5011763815251409
2025-04-30,1.7616347653637325,1.4932366762249873,1.529936134537178,1.501772093063234
2025-05-01,1.770990916304955,1.5066995219099053,1.530297535731787,1.5124150648241268
2025-05-02,1.8208693143629118,1.541318283484183,1.5562224891610668,1.5348656541554027
2025-05-05,1.7951526127130546,1.5388963125130535,1.5509832745126024,1.526064198001028
2025-05-06,1.7474746048430936,1.5248637063905528,1.5358980137406897,1.513308797423036
