Date,MTUM,QUAL,SPY
2023-01-04,-0.0009052908593339959,0.008095896745666353,0.007720200042711456
2023-01-05,-0.0006970169480535748,-0.011609646735777246,-0.01141338360823041
2023-01-06,0.01673985713760051,0.02569989530248673,0.022932101814964856
2023-01-09,-0.013377000719961507,-0.0007750141846544212,-0.0005668875392441652
2023-01-10,0.005145068265024921,0.007238266279468553,0.007013025035586429
2023-01-11,0.004565711610535317,0.014372500572690239,0.01264762077895254
2023-01-12,0.002754147046839739,0.004723018932829559,0.0036409994876214213
2023-01-13,0.0024037018680833633,0.0021824070785803062,0.003879205257267815
2023-01-17,-0.00321977647617111,-0.0020939515885949334,-0.001831685537692751
2023-01-18,-0.01690736733929843,-0.013933181887323731,-0.015788111916331005
2023-01-19,-0.0011184488630994194,-0.008597177801492495,-0.007279782011722302
2023-01-20,0.005809228260427846,0.020090989891969446,0.01862915019271516
2023-01-23,0.002087341202577475,0.013298461746965806,0.011998502184711546
2023-01-24,0.003125086028197055,-0.0006645169667477413,-0.0010734339934329595
2023-01-25,0.003045445607241515,-0.0011636617014887385,0.00037489450930938695
2023-01-26,0.009454904952762577,0.010734896174570574,0.010990347430855696
2023-01-27,-0.011758939917662414,0.002387499707422247,0.0022975635189184107
2023-01-30,-0.00816339091210938,-0.013470202731041048,-0.012546692349204358
2023-01-31,0.01227592426511781,0.016651586991295764,0.014703367049369698
2023-02-01,-0.007717254955269648,0.012038271669075007,0.010627781576514339
2023-02-02,-0.0190959295413079,0.02120076020697126,0.014556894333076054
2023-02-03,-0.0009203977488374537,-0.011489691957054293,-0.010628985406997304
2023-02-06,0.0014881490537879127,-0.008817688337423024,-0.006111457505907136
2023-02-07,0.01167393163162389,0.01221193663190201,0.013078779939501795
2023-02-08,-0.005175043866710638,-0.013902271860767756,-0.010935003313028657
2023-02-09,-0.002038871543521892,-0.010046922527540691,-0.008668871311545034
2023-02-10,0.01944216579077307,0.0015552581031044177,0.0023335273365117093
2023-02-13,0.005044264442362945,0.014545895334040493,0.01173904884185717
2023-02-14,-0.0033000725623213434,-0.001369339598806918,-0.0004603231624125126
2023-02-15,-0.006208029105526425,0.0004838772846778028,0.0032473906694265864
2023-02-16,-0.00944003730253451,-0.013785790232679118,-0.013768824966301496
2023-02-17,-0.0022422888101235605,-0.00400549841326181,-0.0024981685981279034
2023-02-21,-0.007795494251018886,-0.021503657402925702,-0.020061057677743355
2023-02-22,-0.003326772147207002,-0.002264779052987831,-0.0013779633743912223
2023-02-23,0.004189942276340286,0.00975197786755655,0.005319266972996228
2023-02-24,-0.005516146536791999,-0.011655993525433339,-0.010682164102473912
2023-02-27,0.000782291356690612,0.00160058785202577,0.003405851865532439
2023-02-28,-0.010374448828639249,-0.001261443211968638,-0.0036960220303708935
2023-03-01,0.0053132723773268165,-0.0029475027676530985,-0.0038360200511612375
2023-03-02,0.004356910122104596,0.009713007840865373,0.007777328446537224
2023-03-03,0.00988486398308619,0.015558262579664417,0.016037877661072564
2023-03-06,0.0012673534327900526,0.0009883688939498203,0.0006927079484577714
2023-03-07,-0.013573297706623855,-0.013988346545938612,-0.01532878243974578
2023-03-08,-0.005917631220451081,0.003421442280072684,0.0016322572921123601
2023-03-09,-0.014272396371821539,-0.016466970604605002,-0.01844991404278218
2023-03-10,-0.009822512489083723,-0.016489163415418617,-0.014429479033899018
2023-03-13,-0.0064660778356169235,-0.0003438799965874706,-0.0014251063549026721
2023-03-14,0.009096925399670885,0.017803309227183206,0.016529965084313814
2023-03-15,-0.017077151128246038,-0.004816710601342922,-0.006254388295596658
2023-03-16,0.009469946487220104,0.017576889289663944,0.017545051119704835
2023-03-17,-0.016324504315281985,-0.007176325100185621,-0.011692546988532282
2023-03-20,0.017496482407937552,0.008656906462545688,0.009615574782292358
2023-03-21,0.012988923326510804,0.011082485596677794,0.01313052189791275
2023-03-22,-0.01631935469895418,-0.01656508451259575,-0.017046579479952917
2023-03-23,-0.006601473832468452,0.006766678554612993,0.0027034850248839337
2023-03-24,0.01065044579432195,0.004258197486490145,0.0065618597930285905
2023-03-27,0.009647484381803961,-0.00033268108366923954,0.0018701214331127147
2023-03-28,0.003601498075403553,-0.002744347263467617,-0.0022447013944573158
2023-03-29,0.008276070992878637,0.013510046650044405,0.014534697101477478
2023-03-30,0.0019611721277341676,0.005924547260434121,0.005855500725580498
2023-03-31,0.007974429814995965,0.01488753888961658,0.014094491974402379
2023-04-03,0.020066026413913196,0.004513497889753193,0.003810536641195128
2023-04-04,-0.008742654835348862,-0.009066749862801537,-0.0055481926373377455
2023-04-05,0.011949498690499105,-0.0010526912062382987,-0.0026181788274600715
2023-04-06,-0.0014054911868897069,0.00235062515098039,0.003900962490745341
2023-04-10,0.004293174734570693,0.0035582043112012407,0.001026217626791448
2023-04-11,0.003504501655688941,0.0018532942419970944,0.00026867253036177985
2023-04-12,0.0016763469290450583,-0.005067239676920021,-0.0040759914050944035
2023-04-13,0.0073211760875044885,0.011721961903197853,0.013282746590585148
2023-04-14,-0.005537426330708084,-0.0011985241638842181,-0.0024427964840534333
2023-04-17,-0.0012530259231549046,0.0013599281784026918,0.003588257691998553
2023-04-18,0.0011848560304770217,0.0015978601050272712,0.0006522331087643884
2023-04-19,-0.005081680236569852,-0.0024727445384293834,-0.0001688751131069255
2023-04-20,-0.0028683434274620057,-7.99133339892677e-05,-0.00545715461345031
2023-04-21,-0.0007718382880126384,-0.001519411251397984,0.0007769114049238635
2023-04-24,0.006530394261890393,0.001521723375015549,0.0010431404841879655
2023-04-25,-0.008022762477847278,-0.017113122368580758,-0.015873801047721958
2023-04-26,-0.015401884186237225,-0.007566516221872099,-0.004235600960341368
2023-04-27,0.009928584893501347,0.023610379011545612,0.019907981732194324
2023-04-28,0.006930954146869395,0.010652063625108399,0.008535271428154356
2023-05-01,0.002037010337511358,0.0019811803949516538,-0.001009814330905634
2023-05-02,-0.01696323553801926,-0.013761429932947156,-0.011239315055851407
2023-05-03,-0.006916763193792197,-0.006495672723884849,-0.006863911755833008
2023-05-04,-0.008185584628118914,-0.011381185093761403,-0.007082941433217194
2023-05-05,0.017374874942617025,0.016819051651526307,0.018512545055290763
2023-05-08,-0.0002846228581522281,8.024700026676435e-05,0.00026663013324745855
2023-05-09,-0.0007116492925141049,-0.00401434751384655,-0.004385424498912216
2023-05-10,-0.0006410952085510457,0.00483685952821622,0.004672321744939811
2023-05-11,-0.004134128266128911,-0.0010430418889806337,-0.0017438298595587876
2023-05-12,0.0020041324126554017,0.00088342307914413,-0.0013102712009571693
2023-05-15,0.0018569412710738309,0.004332777021828882,0.0034500400079711113
2023-05-16,-0.014686958702338049,-0.00822870508022333,-0.006682697833408802
2023-05-17,0.009117338525706176,0.012566351833322331,0.012138961355084632
2023-05-18,-0.0007172389670691004,0.01058075613370546,0.009633118306753063
2023-05-19,0.00409020562804896,-0.0024401854617166485,-0.0014549338103837517
2023-05-22,-0.004144838499653192,0.0012624180805329566,0.00040594382651182315
2023-05-23,-0.004879894842157451,-0.012058556152250044,-0.01122271201041014
2023-05-24,-0.0029567953427033222,-0.007100129459062465,-0.0072448048662240305
2023-05-25,-0.009980934297952326,0.016631905120709112,0.008659768464720496
2023-05-26,-0.001314956212898899,0.013830688943371916,0.012950796591117308
2023-05-30,-0.002633602194411222,0.00015599738109428607,0.00038092744149631486
2023-05-31,-0.006161108532966364,-0.009353210251549338,-0.005545110923484975
2023-06-01,0.009963243414564449,0.008890612484551141,0.009500907290536986
2023-06-02,0.011252986537820142,0.014427256593931626,0.014461118467224754
2023-06-05,-0.0019509690380922207,-0.004843189517212854,-0.0019162209979516343
2023-06-06,-0.002171918436964626,0.0023174847326050685,0.0021774233332041426
2023-06-07,-0.0064104952722259245,-0.005913454514119509,-0.0034576582812794188
2023-06-08,0.009164412056257953,0.0042766949604491344,0.006048577083413775
2023-06-09,0.0023973618578190248,0.001393877043227798,0.0017942091692659812
2023-06-12,0.012393054074453902,0.011520903340233035,0.009071961971406584
2023-06-13,0.0067290453734563105,0.006268036358823892,0.006592989931305526
2023-06-14,0.008177634026975467,0.004709798384154196,0.0011907108327544602
2023-06-15,0.01072081962810123,0.01179522778268205,0.012397696484641951
2023-06-16,-0.0053036592423202356,-0.0023915782380341533,-0.0034062446117735234
2023-06-20,-0.004349425064033574,-0.00441932893701813,-0.005188102478600576
2023-06-21,-0.0026071601403088174,-0.0028591807781709333,-0.005123771788837939
2023-06-22,0.002825783390088432,0.0027165386382510537,0.0036096869749264737
2023-06-23,-0.007678730536981981,-0.00632106630400564,-0.007560091470494523
2023-06-26,-0.005963301443774438,-0.005376659764564473,-0.004085660054998996
2023-06-27,0.014997744538245206,0.013552481592892907,0.010963393089866491
2023-06-28,-0.0015480455218466194,-0.0023287177292599104,0.0005043320851316757
2023-06-29,0.003876005295649909,0.004442288466696587,0.003941427898970229
2023-06-30,0.012636120668752193,0.011019607193217817,0.011800678296936429
2023-07-03,-0.0034661682989537423,-0.0013345877681065765,0.001150477300799535
2023-07-05,-0.002643527957869596,-0.0008908756508900773,-0.0014871586162217287
2023-07-06,-0.010183468872898116,-0.007877054820987994,-0.00783070148168985
2023-07-07,-0.003875731770480506,-0.004643714094332951,-0.002524592807898074
2023-07-10,0.01096498444560945,0.006471498145318222,0.0025309825081349935
2023-07-11,0.0026589581248699368,0.006728816305701102,0.006368499038525988
2023-07-12,0.011305764273439767,0.009209028788794926,0.008045957535733894
2023-07-13,0.004899727450460967,0.009493231813107794,0.007936913701348969
2023-07-14,-0.0008927484564482668,0.0005101594364571582,-0.0006228602208276923
2023-07-17,0.006048326061497633,0.005610140178636147,0.0034722946471554827
2023-07-18,0.0070368694710178925,0.005506421827512931,0.00743051396871075
2023-07-19,-0.0029170365123390996,0.0002161832030924682,0.00222381309460995
2023-07-20,-0.008845271368694174,-0.0072759591743205565,-0.006634539337678325
2023-07-21,-0.00212830244407336,0.0008705434642974907,0.0
2023-07-24,-0.0007566639211862292,0.004422984573682731,0.004467396564343584
2023-07-25,0.007435540701403287,0.006208023463197598,0.0027298774784110247
2023-07-26,-0.005808928272694525,-0.00035865409660940095,0.00015391045731028008
2023-07-27,-0.0024744181935653087,-0.004449755606469763,-0.006630092270344168
2023-07-28,0.009371439452035002,0.008722675420693049,0.00979029398357767
2023-07-31,0.0018433815670073628,0.00028583829785899795,0.0019041809943416421
2023-08-01,0.0001362721356654717,0.0,-0.0028616582892867504
2023-08-02,-0.01655659856339886,-0.01557456990792605,-0.01391084677477572
2023-08-03,-0.0002770948849761812,-0.00188697366711299,-0.002865942549711731
2023-08-04,-0.0007622221415410912,-0.00559894491959545,-0.004522563438760008
2023-08-07,0.013454474442597064,0.011187510188989336,0.008728478726880429
2023-08-08,-0.0019846467490596265,-0.0039768018578147935,-0.004348688812624624
2023-08-09,-0.00898247407681041,-0.006243740773645978,-0.006685349075599478
2023-08-10,0.0005534612446140841,-0.001169056912984523,0.0003590824811898763
2023-08-11,-0.004218128204807603,-0.003949587219567174,-0.0005831944991834259
2023-08-14,0.012152597603651838,0.010794420459002918,0.005520064099809652
2023-08-15,-0.0058318336684693994,-0.008863093371150432,-0.011648801174855561
2023-08-16,-0.009868604892749544,-0.006010181452337671,-0.007338193958759676
2023-08-17,-0.013104046892820631,-0.0065631619088163395,-0.0076199511357950556
2023-08-18,0.002683965418650125,0.0010392969346344483,0.00048135364980339546
2023-08-21,0.010917870283779108,0.009639737343450472,0.00650627594851283
2023-08-22,-0.0042503782020378855,-0.004406630779843712,-0.0027085212621478227
2023-08-23,0.012595229858538115,0.010622471622855345,0.011137706185197604
2023-08-24,-0.016377496849002693,-0.013503635699128824,-0.013859137117666953
2023-08-25,0.0057608029577167486,0.005993490760529463,0.00704980026554991
2023-08-28,0.008591871219735925,0.00661955513648782,0.006341363080665907
2023-08-29,0.016552183416092214,0.01505195942354054,0.014454791648220278
2023-08-30,0.003134145689183576,0.0029512268106286488,0.004118822435731584
2023-08-31,-0.0002717422393134772,0.0002153298060367792,-0.0014634206142626338
2023-09-01,0.00040767166042576797,0.00229617059118592,0.0018652334659687853
2023-09-05,-0.005025027010490901,-0.005655771810936017,-0.004321976968333918
2023-09-06,-0.002798280275879028,-0.0066238439099982616,-0.006722350987840131
2023-09-07,-0.0030114361803680323,-0.0038414699101031458,-0.0030703372477641766
2023-09-08,0.0014416779777932653,-7.295243252181116e-05,0.0015060855391701988
2023-09-11,0.005758092321650254,0.0033473335186731124,0.006576761357306227
2023-09-12,-0.009337603083455659,-0.006164461129604004,-0.005485736798731211
2023-09-13,0.00068781721435629,0.0017514247083354473,0.0011661099003774655
2023-09-14,0.008181619587096067,0.006483095400193761,0.00862233852249128
2023-09-15,-0.01807139651787948,-0.015198617801429393,-0.012048387483854395
2023-09-18,0.002083263122035328,0.002792552035109752,0.000586509975689431
2023-09-19,-0.0012472521893587274,-0.0012459947316786346,-0.0020737540758511974
2023-09-20,-0.010131177037256966,-0.0096124120632064,-0.009193470908095858
2023-09-21,-0.017805823730199566,-0.018967189266887452,-0.016528330342076236
2023-09-22,0.0021411745708055374,0.0013593826208793125,-0.0022484773476785236
2023-09-25,0.003347434979655395,0.0033185156168444863,0.00420522766468201
2023-09-26,-0.010899115905140033,-0.013205463496753111,-0.014691374197294604
2023-09-27,0.001943321382679386,0.0023706100335820768,0.0003992194244297753
2023-09-28,0.008117184286461354,0.007171209430481218,0.005797403858988748
2023-09-29,-0.0045603700297836,-0.0017424441515048184,-0.0024268313155018095
2023-10-02,0.0004294140577345562,0.002428286751550379,-0.000397797962907398
2023-10-03,-0.015812589893751006,-0.012565416014565844,-0.013385987204354688
2023-10-04,0.00814243810914661,0.00781921093108262,0.007281960023127754
2023-10-05,-0.001586620559326568,0.00045630867984525203,-0.0003769101969308686
2023-10-06,0.014878922811532469,0.014141239768100888,0.011872894800425193
2023-10-09,0.005907063142395641,0.007721865861009203,0.006402145619191835
2023-10-10,0.0062262674590114475,0.003942806005913901,0.0052048496413172884
2023-10-11,0.0033749836662881894,0.007113701538288941,0.00409637370103022
2023-10-12,-0.006657396495901358,-0.003016549254347245,-0.006096485198464507
2023-10-13,-0.006631353656685879,-0.005461417933536494,-0.004980821350655251
2023-10-16,0.011788955309631532,0.011056705465456007,0.010521382283839031
2023-10-17,-0.0010528250137551431,-0.0016145859123281037,-4.590202366527851e-05
2023-10-18,-0.012647432016940074,-0.012791408150586325,-0.01332504822075442
2023-10-19,-0.006618447499560531,-0.010127341315355531,-0.008786464231748004
2023-10-20,-0.010817332238400978,-0.010983154185470245,-0.012288012118515268
2023-10-23,0.003041722577402428,-0.0005323994498814821,-0.001733201389694683
2023-10-24,0.009819572121307019,0.007305890261154024,0.0075393234819742805
2023-10-25,-0.015157952214940429,-0.015790179212763156,-0.01435219556812728
2023-10-26,-0.01626263655726945,-0.01650431872858693,-0.011974572112266157
2023-10-27,-0.0008855623093217968,-0.003590303825156238,-0.004532777584243419
2023-10-30,0.010858237258317471,0.012533132111854917,0.011955761476885263
2023-10-31,0.004238200874214115,0.0044871604122951325,0.0062802947317173174
2023-11-01,0.015498854631873282,0.010320223526602446,0.010664702440064344
2023-11-02,0.018414980108222068,0.020277563845335855,0.01916446694840146
2023-11-03,0.011398122000269462,0.008592476574031949,0.009123332529294759
2023-11-06,0.005217357933629874,0.0034818625465680153,0.0023005104217217465
2023-11-07,0.00145329074698064,0.004429366680482438,0.00284606832693024
2023-11-08,0.0042153273459484275,0.003086632957415736,0.0007323664433969146
2023-11-09,-0.005780466956709751,-0.006447687569092864,-0.007798764274342784
2023-11-10,0.017511017444464816,0.016224168209423517,0.015604753247014047
2023-11-13,0.0029930114848455425,-0.0016691326610431823,-0.0009531674874654339
2023-11-14,0.016412440543609685,0.017736479630720225,0.019400812563492575
2023-11-15,-0.005538142008518543,-0.0009285119980432244,0.0021169867200323544
2023-11-16,0.004025863625187975,-0.0005719059781249536,0.0012230821046039786
2023-11-17,0.0022719830293793652,0.0005722332417368303,0.0012438502318867783
2023-11-20,0.010068054301655138,0.008149937381950245,0.007697581631093797
2023-11-21,-0.003300493187081033,-0.0018438336165896851,-0.002179337313983898
2023-11-22,0.001589425655416088,0.002912721701809673,0.0038608333700165254
2023-11-24,0.0005291376208187426,0.0,0.0006152070452527525
2023-11-27,-0.0028419613464334414,-0.002975014993728431,-0.0018008679389035498
2023-11-28,-0.0033802219076821682,-0.0007105187183334971,0.000990103417726651
2023-11-29,-0.0008644973208371542,-0.0004976505776187468,-0.0007033892895021987
2023-11-30,-0.0008652453231008383,0.003485619475250612,0.003937438919370484
2023-12-01,0.002664709384688102,0.005954356638905978,0.005915902250798188
2023-12-04,-0.011095733360034554,-0.0050736339779048345,-0.005249470537360135
2023-12-05,-0.00013417563051676407,-0.0004958571105458942,-0.0001970488073059773
2023-12-06,-0.009474526299571129,-0.002905181551866365,-0.00402969581080026
2023-12-07,0.014449230748645459,0.007604204406710835,0.0076303821946979156
2023-12-08,0.008425964778067785,0.005148843676126447,0.004299174096375591
2023-12-11,0.010543953987343535,0.008630970454712061,0.003889543301302645
2023-12-12,0.00892433708059226,0.007791887735702163,0.004567181019446531
2023-12-13,0.006439011796202321,0.01152830100198532,0.01379016018196122
2023-12-14,-0.006010238736553264,-0.000682491768131066,0.003209296845171794
2023-12-15,0.004551215196899161,-0.0008878028785276326,-0.0016465024468370615
2023-12-18,0.011067286942434418,0.006972084839629966,0.0056251230704160715
2023-12-19,0.005825067082373625,0.00454800514177256,0.0060808541966526075
2023-12-20,-0.016527273855950986,-0.013020298956074594,-0.013857152799785721
2023-12-21,0.01329609256080344,0.008858702484870973,0.009481812319503513
2023-12-22,0.0008962017852394144,-0.0014294194542503469,0.0020096547639776308
2023-12-26,0.005563628165544454,0.004498876888159753,0.00422253199151168
2023-12-27,0.0024803793079577474,0.001900072632553318,0.0018081089393946481
2023-12-28,-0.0005709639752357054,-0.00029125695021192666,0.00037767667363475255
2023-12-29,-0.004125897752138119,-0.002440629285728524,-0.0028948832587207818
2024-01-02,-0.018293132265276846,-0.007271960069698213,-0.0055964214523706035
2024-01-03,-0.008505366525228264,-0.006435347622281151,-0.008166587202059428
2024-01-04,-0.0025539572292705426,-0.0035142248060446857,-0.0032212230780803708
2024-01-05,0.0021009436027603634,0.0008990172995118062,0.0013697734015560847
2024-01-08,0.023650449403662455,0.014784059220784407,0.014275953985142475
2024-01-09,0.003391886472166483,-0.0007486840959174401,-0.0015171129689675045
2024-01-10,0.009758914593978929,0.005995118379558795,0.005655375563844878
2024-01-11,0.005748142796029754,0.0024381943527320704,-0.00044047899863008944
2024-01-12,0.002009800068634826,0.002432159626839292,0.0006925420941741312
2024-01-16,0.002507259275934315,-0.004313279157514005,-0.003671165259214293
2024-01-17,-0.005689657857293473,-0.0039936111425756815,-0.005558600003590208
2024-01-18,0.013079307835268228,0.010193704859832842,0.008892705746837093
2024-01-19,0.021538121230206153,0.014530695762154044,0.0124661312910046
2024-01-22,0.0026734513547967964,0.003514556551203807,0.0021143553818705474
2024-01-23,0.0008483712873741389,-0.00224668255939664,0.002916543169468877
2024-01-24,0.009869199433210518,0.0017881717463543723,0.001093184639250122
2024-01-25,0.006774953715375176,0.0029086366917254747,0.005438813381394514
2024-01-26,-0.004585459215204701,-0.002372901036266306,-0.001270305868207089
2024-01-29,0.011426822777045542,0.00911784125261117,0.007919408625469249
2024-01-30,-0.0021885575163391735,0.0,-0.0007735516274401943
2024-01-31,-0.018021151238518995,-0.014600945431830992,-0.01631728321560555
2024-02-01,0.01708415603305813,0.011960203022002736,0.01308815665571661
2024-02-02,0.026175248041279797,0.01313204118212008,0.010527377118547676
2024-02-05,0.0024871498591156893,-0.0005832426105994992,-0.0036411612708775465
2024-02-06,-0.004384935082860308,0.0017506487400609227,0.0029032565870552585
2024-02-07,0.016168211192898685,0.011716680670587731,0.008340445048834022
2024-02-08,0.004334259297496423,0.00236762993984585,0.00044172115774632204
2024-02-09,0.013343875599167943,0.006255498343358257,0.005779282725658863
2024-02-12,-0.005883683194639389,-6.351881906752066e-05,-0.0004388653731137726
2024-02-13,-0.01189325371278005,-0.012434206547108473,-0.013772994544293593
2024-02-14,0.020022788668601077,0.010149876749653064,0.009087516191851996
2024-02-15,0.0019014723492043473,0.0057868829277913925,0.006899763310901363
2024-02-16,-0.009880047124343982,-0.007587134513094007,-0.004979985878924009
2024-02-20,-0.012571930985084356,-0.007454347915117787,-0.005505339222626415
2024-02-21,-0.009020662898072351,0.0016048439705822481,0.0009058584923593571
2024-02-22,0.039292331291902904,0.025762522804903876,0.020695487445464567
2024-02-23,-0.0018293344483432117,0.0012495280359896555,0.0006896192359844289
2024-02-26,0.0026656955633928003,-0.000935855972672206,-0.0036624929370219217
2024-02-27,0.0006093850924615563,-6.253891793006616e-05,0.0018576457264529722
2024-02-28,-0.0021034641201327364,-0.0021861035238252002,-0.001321528922549331
2024-02-29,0.010761656826937971,0.0033176794912097574,0.0035949992608652614
2024-03-01,0.023434368832589092,0.013102083200571046,0.00938822640989967
2024-03-04,0.0067031649277022876,-0.0007390242386817736,-0.0010724515658844247
2024-03-05,-0.0181643073874036,-0.01084672095201411,-0.00999411125058558
2024-03-06,0.009819789250880673,0.007289645970404601,0.0050671835666207254
2024-03-07,0.016493923139317523,0.011690510387428299,0.009926484317023254
2024-03-08,-0.018710307310950913,-0.01192236236533184,-0.006002278495557012
2024-03-11,-0.013196245018325947,-0.002784402032428912,-0.0008598074084719132
2024-03-12,0.02101403808602975,0.014581718122962384,0.010757387142603436
2024-03-13,-0.005506091441900174,-0.0014677394997230087,-0.0015674980723474619
2024-03-14,-0.005321866960020127,-0.0015923646752660225,-0.0019768540855645833
2024-03-15,-0.013510576301367871,-0.009386000218783885,-0.006866499994069963
2024-03-18,0.007231320821492471,0.005635390763072845,0.005943081887870294
2024-03-19,0.004296788734712065,0.005850073907389675,0.0055571849742859225
2024-03-20,0.011751980547389351,0.00979558637149136,0.009249203393659977
2024-03-21,0.010404016438846364,0.005317064953913819,0.0033047229617975127
2024-03-22,-5.302216139013716e-05,-0.005198363563388209,-0.0018959068203877605
2024-03-25,-0.0011665494035545398,-0.0038886777015734175,-0.0027626297958666113
2024-03-26,-0.0033976432351467967,-0.003842825493798774,-0.001847093218508844
2024-03-27,-5.318606194604225e-05,0.0052048959289867636,0.008403908996592158
2024-03-28,-0.0019710166369122373,0.001157416429396596,-0.00019104683861193017
2024-04-01,0.001067518495044828,-0.0029207770189931814,-0.0017399574298924136
2024-04-02,-0.0065582377044817175,-0.006224268021922219,-0.006357936595122515
2024-04-03,0.008533687864180628,0.00030682911095381016,0.0010983050314379295
2024-04-04,-0.01910485159527131,-0.014118990085673855,-0.012205967300967235
2024-04-05,0.017686595095012914,0.012079649870341047,0.010446787236591648
2024-04-08,-0.002612295328912939,-0.0006151132519771618,0.000559423350416477
2024-04-09,-0.006307030380268364,0.0001230983698339294,0.001156829800164516
2024-04-10,-0.003980495037250176,-0.009725377330253804,-0.010013202234619878
2024-04-11,0.011178977370530419,0.008888363738396965,0.007546936386148673
2024-04-12,-0.017838114242196168,-0.013307839061233229,-0.013803104381401421
2024-04-15,-0.01696579176896862,-0.01236331017529102,-0.012528103367394738
2024-04-16,0.004978502058111012,0.0009484054750190651,-0.0018238485428234696
2024-04-17,-0.013540263145078835,-0.007011161202272298,-0.00591819085200318
2024-04-18,-0.0061377809296212504,-0.0021627808886426347,-0.0020576826625571254
2024-04-19,-0.025488384206643233,-0.01472549934383316,-0.008728380517372125
2024-04-22,0.009966565726387211,0.008540303202808186,0.009209130985944558
2024-04-23,0.021447765577728095,0.011483277912337053,0.011866633467404464
2024-04-24,-0.00457929118649214,-0.0006977680613488024,-0.00047472921120628175
2024-04-25,-0.004600271386884236,-0.0030463539351910374,-0.003798842534145863
2024-04-26,0.012681118642342115,0.012541338993240059,0.009473933363026488
2024-04-29,0.0003339262961572498,-0.0005029853425670971,0.0035414253118022376
2024-04-30,-0.014632302028407929,-0.01264380579786184,-0.015841274834890506
2024-05-01,-0.010276165831330175,-0.004905684618227046,-0.003247105464680211
2024-05-02,0.010953431572512384,0.007554809060361656,0.009353455448491088
2024-05-03,0.0163082141344848,0.011565099361396936,0.012395319825871942
2024-05-06,0.020322088734792354,0.013505806264790365,0.010326779962637644
2024-05-07,-0.0005986892700705626,0.0032230479317651994,0.0011034306984436526
2024-05-08,0.0014159010167420494,0.0,9.66372507735791e-05
2024-05-09,0.0020661402075377033,0.0032744153829800116,0.005761880019444998
2024-05-10,0.0017906524491380083,0.0033868648619652664,0.0012882399061335814
2024-05-13,-0.005091612414099056,-0.000613697837930971,0.00013422422138376078
2024-05-14,0.006478729704001429,0.004421602894009169,0.004588048646487097
2024-05-15,0.023313633391637945,0.01620200331135968,0.012383068971810074
2024-05-16,-0.008510315580787409,-0.0038505416238707735,-0.002057443678150195
2024-05-17,-0.0009064083430186942,-0.00018129658062726595,0.0014374743663070344
2024-05-20,0.008537952045629682,0.0033830469718725276,0.0011521814686397125
2024-05-21,0.0005290994540361194,0.0009029406553207053,0.0024524917904320542
2024-05-22,-0.001850868795456817,-0.0030675810955991256,-0.0028792315286728654
2024-05-23,-0.0003178801479534199,-0.002413505959255602,-0.007304319826777594
2024-05-24,0.01006940554931779,0.007136816173227478,0.006616500353154198
2024-05-28,0.004302420629438863,0.0024621032563127976,0.0006988639083373993
2024-05-29,-0.007261803721361426,-0.007967197662327341,-0.007002425298518911
2024-05-30,-0.017577221881262983,-0.00549535361600173,-0.0066338898329937335
2024-05-31,-0.00042853997221403706,0.006375729260250873,0.009108163342788744
2024-06-03,-0.0017148947898216749,0.000904901949111192,0.0008152988317526866
2024-06-04,-0.0026840436413341218,0.002411231011265391,0.0011179560774192687
2024-06-05,0.02282272901547122,0.012688752623885247,0.011885110365833507
2024-06-06,-0.00463116256901186,-0.00041564167659235984,-1.87284514425734e-05
2024-06-07,0.0007929805143962465,-0.0010694859012321256,-0.001215637994912977
2024-06-10,0.011094229129525068,0.004044228784027437,0.003089730791882239
2024-06-11,-0.0025734549057487843,0.00459977123053168,0.0024082741236772787
2024-06-12,0.011274315223612552,0.0067351244639983765,0.008213010343132154
2024-06-13,0.009074393267365588,0.002699538348062802,0.002013548032625989
2024-06-14,0.0004110678419648739,0.0015803514143244435,0.0006083770985392256
2024-06-17,0.013663552200402052,0.00794718896308666,0.007958870060923662
2024-06-18,0.007398349865651133,0.004058221388165473,0.0025407201011768965
2024-06-20,-0.008500993685291447,-0.004446116160114921,-0.002716621427207855
2024-06-21,-0.00857395803685368,-0.0021458940234603263,-0.0013405404379226438
2024-06-24,-0.011769493967903721,-0.003603765536594361,-0.0032506735744611825
2024-06-25,0.009217048305396602,0.004550100694020953,0.003850910876308733
2024-06-26,-0.0028732819967948187,-0.0021485108062999636,0.0012480284689813104
2024-06-27,0.0037048761115674456,-0.0005818877390908472,0.001576501253757856
2024-06-28,-0.0009740723066570256,-0.005706429182028572,-0.0039351622921779406
2024-07-01,0.0016934137583470843,-0.0019324916374776624,0.002058113778742765
2024-07-02,0.006096360225317676,0.006043597570030812,0.006729842784292561
2024-07-03,0.008452636707113603,0.004374144111654266,0.0044625552292272275
2024-07-05,0.002726547084965558,0.006968275962132786,0.005766364101352783
2024-07-08,0.004683028961434799,-0.0010379860851839062,0.0011540813589032695
2024-07-09,0.002205314011519466,0.0003462956622448665,0.0009723319789702867
2024-07-10,0.008151544973395541,0.007905930393363736,0.009895337794643355
2024-07-11,-0.014137567075173108,-0.009218022836109174,-0.008622578367717515
2024-07-12,0.0029687140362211206,0.0073389870517490685,0.0063074710559731795
2024-07-15,0.004966647800651813,0.0037860513803607,0.0027500889281606433
2024-07-16,0.005291563801959276,0.006286431981412655,0.005930242867074442
2024-07-17,-0.03754098962756869,-0.016242527677944874,-0.014021079558661498
2024-07-18,-0.007584332711175645,-0.006638975033563477,-0.007685001132831548
2024-07-19,-0.0059787096571920495,-0.00749702470633784,-0.006640483335858427
2024-07-22,0.016631813904871562,0.013526127428789003,0.010309906607715913
2024-07-23,0.0015948188990064782,-0.003466202503381366,-0.0015687400169448473
2024-07-24,-0.036160161469531604,-0.02330589527189597,-0.022662421157437884
2024-07-25,-0.01087123804757506,-0.007538321528687497,-0.005210422164865003
2024-07-26,0.013361305695083425,0.0129187331983589,0.011199802438551787
2024-07-29,-0.0037215995217242392,-0.00011819071366203637,0.0005876816361201076
2024-07-30,-0.012967513984690315,-0.004074654480711648,-0.005066384968348547
2024-07-31,0.032493428612744735,0.018559255429350996,0.016254633068900404
2024-08-01,-0.02733416756079743,-0.01117723885576627,-0.014161048720978675
2024-08-02,-0.03418573942789316,-0.013776016566473093,-0.018618307728389905
2024-08-05,-0.02196199864888193,-0.02913077101112782,-0.029123772129418968
2024-08-06,0.016698881146977262,0.010759859436263675,0.009219593377574054
2024-08-07,-0.01328549030260795,-0.008212190175695744,-0.006684056581019782
2024-08-08,0.03846151163755729,0.025760649852880846,0.023117489084995224
2024-08-09,0.0101756417239256,0.006098892697796288,0.004409468822546225
2024-08-12,0.00281612819478938,0.0016642075409449841,0.0005255139569271261
2024-08-13,0.02154780673858414,0.014892550310671604,0.01644563192328241
2024-08-14,0.007982659984583584,0.0024554138826859973,0.0031547727845206985
2024-08-15,0.02291908323667058,0.017845676878809114,0.017140199822825997
2024-08-16,-0.0008715781039565496,0.0005730074020213749,0.00224196912733321
2024-08-19,0.011187003905757775,0.007329765805903277,0.009561491446388404
2024-08-20,-0.0018269226725775578,-0.0002274048765401604,-0.0016261809630030433
2024-08-21,0.004880710474163941,0.0072213096741142735,0.003436532985731988
2024-08-22,-0.008398596747949516,-0.007734013984004751,-0.007848425907751366
2024-08-23,0.009592169361101632,0.009159723616064985,0.010625294028573817
2024-08-26,-0.009096759273692356,-0.0014657951637346844,-0.0023838360809905756
2024-08-27,0.0033150714049694496,0.003613360913836239,0.0013731378507129133
2024-08-28,-0.009251733261777084,-0.00765077948904902,-0.005805286408283039
2024-08-29,-0.0018984100264897164,0.00011338659595994116,8.950083475256498e-05
2024-08-30,0.014599303638869188,0.0077088911176035335,0.009545938123711739
2024-09-03,-0.02943706243115929,-0.021543512212227944,-0.02057880224548092
2024-09-04,-0.001305083127354667,-0.0013222228521750923,-0.002046891344454127
2024-09-05,-0.005906697283528883,-0.0058139164142240185,-0.0024322092543163087
2024-09-06,-0.021821325972093297,-0.011869634195478818,-0.016830212614402984
2024-09-09,0.017040250364592557,0.011133303029554398,0.011196214999071863
2024-09-10,0.002008402312432489,0.002491793140600995,0.004355920787868062
2024-09-11,0.015982724948650162,0.010405240686561568,0.010258763341584931
2024-09-12,0.013239167674878871,0.007265840926637734,0.00842339199639408
2024-09-13,0.0081983950588842,0.004316836843439642,0.005222724538198609
2024-09-16,0.002744501073787653,0.0019228193972433694,0.001476826993735525
2024-09-17,-0.0006082803593030484,-0.00011290017357967752,0.0004086456412846218
2024-09-18,-0.0031442666881041914,-0.004346886908241809,-0.0029658202997837613
2024-09-19,0.019434265669081574,0.014798421041153142,0.0170643557287935
2024-09-20,0.005938763423098736,-0.003240553850428207,-0.0017285755475674458
2024-09-23,0.005605891187336232,0.00353137779274193,0.0024988247405808295
2024-09-24,0.0014799997153556177,0.00033516274901512766,0.0028612506908902713
2024-09-25,0.0019253894395137028,-0.0014954418533684732,-0.002205401211637481
2024-09-26,0.0017245485923518267,0.0045433774848397945,0.003964639036064588
2024-09-27,-0.006689592441739611,-0.0022334067667018065,-0.0014503466374615748
2024-09-30,0.004060576618106104,0.003413663633567543,0.004007278926261737
2024-10-01,-0.005573069596197744,-0.006469601496364774,-0.008958497576024071
2024-10-02,0.0029261235811068875,0.0016840739883501321,0.0004221591648074785
2024-10-03,-0.002076883534377405,-0.0004483772200303271,-0.0018281885050124291
2024-10-04,0.009712522093227705,0.00476571499140932,0.00908726157486206
2024-10-07,-0.007165270587011774,-0.00903977065992101,-0.00904037487378262
2024-10-08,0.009935716171441289,0.010079422874095245,0.009457558847675962
2024-10-09,0.008027022994231636,0.006522469881377724,0.006926405441844974
2024-10-10,-0.004612721842679912,-0.0016062026984307032,-0.001750022536475826
2024-10-11,0.011512158278899953,0.006490628217350025,0.0059882065403507045
2024-10-14,0.007716081289593779,0.009700719200871788,0.008178386498286061
2024-10-15,-0.010193382555905517,-0.012282284894851059,-0.007769766324635219
2024-10-16,0.0087994550144872,0.005360864594870618,0.004346500392314434
2024-10-17,0.0,-0.0016491723529299396,8.576054306153047e-05
2024-10-18,0.003259105770241133,0.004460070184068465,0.0038465526321536103
2024-10-21,-0.0029617834045477798,-0.002466758545069836,-0.0016421907154073878
2024-10-22,-0.003114448423055527,-0.0032422971418996083,-0.0005310720287751147
2024-10-23,-0.002306999625852124,-0.008435287740185204,-0.009137376019982102
2024-10-24,-0.0029385852067262963,-0.000722900711600083,0.0021625517536818517
2024-10-25,-0.005942875304079442,0.00022250655037270306,-0.0003452786014435105
2024-10-28,0.0037911849758303084,0.0018358039975028273,0.0030915017911679055
2024-10-29,-0.0010169312830705657,0.002554292231336852,0.0016182398537725184
2024-10-30,-0.0058648852104743465,-0.005150876092412826,-0.0030251534775486144
2024-10-31,-0.013115590727155957,-0.01781538669119276,-0.019603069196068024
2024-11-01,-0.003507772321747371,0.003797633882288043,0.004220470345176475
2024-11-04,-0.0018838753599639269,-0.0011293151610430874,-0.0021540202461768354
2024-11-05,0.016987868144505258,0.010175934607074666,0.012091894126530889
2024-11-06,0.023102390200807177,0.019978606551895872,0.024865593974724653
2024-11-07,0.004726285933245089,0.00943705316712129,0.007732038047127077
2024-11-08,0.01606000165151511,0.0023915664122193814,0.0043317374770937
2024-11-11,-0.0011223211956665757,-0.0009217397842586905,0.0009528089020014452
2024-11-12,-0.0051030016075239715,-0.0009769532279583215,-0.0031062224676552397
2024-11-13,-0.0025410628757248643,-0.0024447298309788756,0.000485717937419361
2024-11-14,-0.010331655033228082,-0.005827197967848696,-0.006430169669833119
2024-11-15,-0.006530616594494387,-0.01637911954670046,-0.012808575932076294
2024-11-18,0.004798226384977289,0.0023390413082844397,0.00409729395294689
2024-11-19,0.007545052126366691,0.0023335829613415626,0.003655514780908309
2024-11-20,0.0029384808770143156,0.0027162175490866858,0.0003388093639582479
2024-11-21,0.010396481636114396,0.006578598694031879,0.005368351193856924
2024-11-22,0.005144753482949405,0.003679752054801977,0.003099434784606059
2024-11-25,-0.002093892806709796,0.005471945086660268,0.0033920773549593886
2024-11-26,0.008393145573982297,0.004353699292058533,0.0052214111471931
2024-11-27,-0.004670290398150034,-0.0016255808139240546,-0.0030300789794227567
2024-11-29,0.005900147142668732,0.005644516898918095,0.006212128780890502
2024-12-02,-0.0079901119659469,0.003723788011806617,0.0017924360483223545
2024-12-03,0.002234785897830216,0.0002151820548228489,0.0004637158855407275
2024-12-04,0.0064570319660068876,0.004461943728928608,0.0062096108555036444
2024-12-05,-0.00032311248632588274,-0.0042280252159512255,-0.001645650257269371
2024-12-06,0.004432355936767385,0.0021498233199235273,0.0018956173189883518
2024-12-09,-0.020960661869555697,-0.004773151103195761,-0.005149674771211976
2024-12-10,-0.009437112527674874,-0.002263370080515692,-0.003109029034365385
2024-12-11,0.01123332279791267,0.0052390508534563285,0.007730578659771448
2024-12-12,-0.007311985662384779,-0.007414528655415142,-0.005152540727580535
2024-12-13,0.01180416308344201,-0.004222179766002032,-0.00019850518380071236
2024-12-16,0.008213167362720375,-0.00027174348082470434,0.004269877917947307
2024-12-17,-0.012038881272558366,-0.003664988583087614,-0.004120024513639686
2024-12-18,-0.03460110186659937,-0.026109754559098808,-0.029803467860256894
2024-12-19,-0.0007791753462559337,-0.0011802651010711651,-0.0003071868629631602
2024-12-20,0.019104235695229344,0.009678577526381904,0.012011112849670047
2024-12-23,0.003921343135365518,0.00757958918094781,0.005988285019376871
2024-12-24,0.012861488597301962,0.007467248206444399,0.011114989748490345
2024-12-26,0.0014108441239706337,0.0006039582312462599,6.658418643890052e-05
2024-12-27,-0.012116595411685638,-0.009492440058313512,-0.010526523683762057
2024-12-30,-0.01169482596856497,-0.010746760629341212,-0.011411602725516334
2024-12-31,-0.004665934982687858,-0.0027998670547007,-0.003638031857652546
2025-01-02,0.00512274100122645,-0.0026393195840467287,-0.002456981412092718
2025-01-03,0.015770741641873087,0.009515259581130975,0.012503332455847671
2025-01-06,0.0030294395829293386,0.003904107637779486,0.005760634478527704
2025-01-07,-0.01448792899413398,-0.007555586595358932,-0.011304021553249277
2025-01-08,0.004549140161435039,0.0019592658309210975,0.001460917568971487
2025-01-10,-0.013728691484274802,-0.01474940771332911,-0.015267460962898771
2025-01-13,-0.00028998337536811913,0.0017011286280799176,0.0015504803040384818
2025-01-14,0.010394552278763403,-5.6619533358115426e-05,0.00137602434472206
2025-01-15,0.019091775345713824,0.015908046056624547,0.01819002390432889
2025-01-16,0.00666728423998042,0.00011147217414197996,-0.0019231682808391604
2025-01-17,0.013759385685689685,0.0067978517241067404,0.010039880559060466
2025-01-21,0.015734980781718866,0.008024746947765893,0.009153514761785386
2025-01-22,0.00548077832885685,0.008674647121471146,0.0056214062337258675
2025-01-23,0.008108852538078137,0.004844304252773934,0.005458144884880722
2025-01-24,-0.003440898546167026,-0.0027625092036697163,-0.002919324164959991
2025-01-27,-0.04076048859600323,-0.008419391215678806,-0.01414535441927156
2025-01-28,0.01107888527240819,0.0063544201505743025,0.008592402569559843
2025-01-29,0.00023118522959886256,-0.0030483442016652207,-0.004482948481435156
2025-01-30,0.016409370027968606,0.009336658370773465,0.005367081149522335
2025-01-31,-0.0034562486195164333,-0.008114253104767766,-0.0053219368053647464
2025-02-03,-0.0002737989196223145,-0.004908279610797317,-0.006729567924630753
2025-02-04,0.005934120370228557,0.004713307001800171,0.006708286863932544
2025-02-05,0.0156101216936404,0.004363922614996518,0.004054529845545218
2025-02-06,0.010231931414602435,0.0013034884617224574,0.0034756357468082033
2025-02-07,-0.005440119208864558,-0.00786500123393552,-0.009153533876142705
2025-02-10,0.009827930634834114,0.0073260177391301085,0.006791158501634698
2025-02-11,-0.004932160948372566,0.0009225802065833122,0.0007606167523941387
2025-02-12,-0.0020800195022930845,-0.003090676655017166,-0.0032214918501909384
2025-02-13,0.009845231126088372,0.010606427874942925,0.010557537580401899
2025-02-14,0.0025909987286241165,-0.0037136956168876134,-4.919750337728512e-05
2025-02-18,0.005168605606692633,0.0025390851230084888,0.002935829744165508
2025-02-19,-0.0012201446074162625,0.0033947277967092404,0.0023548836253795002
2025-02-20,-0.017582891941342105,-0.002738854554651504,-0.004160255274454183
2025-02-21,-0.0233157172034123,-0.01669353500439985,-0.017104103285771943
2025-02-24,-0.01027643927633981,-0.0031763399233976086,-0.004550437416077302
2025-02-25,-0.003721389069951342,-0.001043865366909813,-0.004973172137566095
2025-02-26,0.00622545910412442,-0.0015949375137410682,0.0005047993020994568
2025-02-27,-0.01714019379781262,-0.01432185299882538,-0.015961937978493657
2025-02-28,0.018511544519397516,0.014697633601506555,0.015605579744493614
2025-03-03,-0.01867869207101791,-0.013603545607481116,-0.01751995291910613
2025-03-04,-0.020573844350532333,-0.01027368748230828,-0.01183686490134761
2025-03-05,0.012765517026843032,0.01066236895710082,0.010747827002392407
2025-03-06,-0.0386605277465677,-0.0163550320831356,-0.017751089749862614
2025-03-07,-0.00024455868131811886,0.0034616117952552816,0.005604833877935977
2025-03-10,-0.04027409219728195,-0.022337798379147067,-0.02663556264724176
2025-03-11,0.003365305315834899,-0.012320740336042912,-0.008312878119322353
2025-03-12,0.015753664614016616,0.0021083753284261153,0.005306536505949477
2025-03-13,-0.01570942221804217,-0.01724041619389849,-0.013330501352603052
2025-03-14,0.026684964183262716,0.019148498859548058,0.020655754194149223
2025-03-17,0.01173322962886747,0.01003614966371269,0.007711382365414909
2025-03-18,-0.01957330195759155,-0.010126819816167254,-0.010808460030027
2025-03-19,0.019065642113160974,0.009475871862235419,0.010890876918228543
2025-03-20,-0.0014202825768208083,-0.0037664222295568095,-0.0028917345549811513
2025-03-21,0.004119850607706033,-0.0019193077782996282,0.00032986182719207946
2025-03-24,0.02798813611051787,0.0173076988057419,0.017908502022889516
2025-03-25,0.0028033655757351283,0.0015465945027455241,0.0024038545877420603
2025-03-26,-0.01914242353235651,-0.008464857918887514,-0.011938266525687413
2025-03-27,-0.010579137436501296,-0.0016727808324401572,-0.0026557092004866334
2025-03-28,-0.019334081497217825,-0.019991948734279674,-0.020138328985595644
2025-03-31,0.006322833160419039,0.007546717615062315,0.0067128130226792315
2025-04-01,0.006975651161428287,0.002340651283942785,0.0028244266313557365
2025-04-02,0.012577443754672846,0.00566291820143161,0.006328411525621025
2025-04-03,-0.0539058723014858,-0.044409579359302676,-0.04928081620084812
2025-04-04,-0.07092672158286362,-0.05540365156048721,-0.058542971330535654
2025-04-07,0.008555989293579369,-0.0057882122546648596,-0.0017811785518102585
2025-04-08,-0.010234854727497744,-0.01403711896209836,-0.0156627816725603
2025-04-09,0.10478874879445943,0.08679960560604827,0.10501930183911301
2025-04-10,-0.03268431352287404,-0.029882264597821062,-0.04381899719533322
2025-04-11,0.014488270368127276,0.017112632558952123,0.017842817199724692
2025-04-14,0.008874862362701297,0.00856536666511376,0.009701450822369617
2025-04-15,0.005561126530613469,-0.002487131616191296,-0.0028008788011967267
2025-04-16,-0.0211161240679979,-0.02085871979838061,-0.02222803246337901
2025-04-17,0.003338516514955314,0.0026085223481420172,0.001426777837987947
2025-04-21,-0.027693900655639703,-0.02211480039276048,-0.023802680232045126
2025-04-22,0.030693912583544147,0.024768805568172514,0.02601773758493775
2025-04-23,0.023292626342529044,0.01174503212155642,0.015495463082325855
2025-04-24,0.022413045735159676,0.019246100021470536,0.02104893334386637
2025-04-25,0.0096181324649387,0.005454911661475492,0.00722532365580375
2025-04-28,0.004690755124504342,0.0008943490078967553,0.00038130345037501456
2025-04-29,0.007460546268482027,0.00601616915332448,0.006299413437552026
2025-04-30,0.0015288678417244572,0.002842061278191199,0.000396829809890642
2025-05-01,0.00901588200937642,0.00023621979143473304,0.007086942026725218
2025-05-02,0.022976553102236785,0.016941119503850244,0.014844198430334021
2025-05-05,-0.001571363291464123,-0.003366623143512548,-0.005734349537724115
2025-05-06,-0.009118617029879816,-0.009726256252926557,-0.008358364343191038
